cell_id,lat,lon,year,region_name,country,continent,extreme_heat_days,extreme_rain_days,drought_days,compound_event_days,anomaly_mean,precip_total_mm,precip_anomaly,trend_slope,risk_score
C000,27.87,77.89,2000,Delhi,India,Asia,3,8,8,1,-0.43,416.0,28.1,0.079,49.7
C000,27.87,77.89,2001,Delhi,India,Asia,2,10,21,0,0.02,1860.0,4.8,0.079,70.2
C000,27.87,77.89,2002,Delhi,India,Asia,7,7,22,2,0.1,2360.0,-7.7,0.079,51.0
C000,27.87,77.89,2003,Delhi,India,Asia,6,8,16,2,0.38,1340.0,1.2,0.079,53.5
C000,27.87,77.89,2004,Delhi,India,Asia,7,11,15,2,0.14,2126.0,-20.2,0.079,41.3
C000,27.87,77.89,2005,Delhi,India,Asia,11,16,17,3,-0.02,965.0,-4.2,0.079,30.8
C000,27.87,77.89,2006,Delhi,India,Asia,10,6,20,3,-0.27,898.0,-26.5,0.079,35.5
C000,27.87,77.89,2007,Delhi,India,Asia,9,5,15,3,0.1,758.0,4.6,0.079,36.4
C000,27.87,77.89,2008,Delhi,India,Asia,9,11,13,3,-0.27,1062.0,-16.6,0.079,50.7
C000,27.87,77.89,2009,Delhi,India,Asia,8,4,11,2,0.4,268.0,22.5,0.079,50.5
C000,27.87,77.89,2010,Delhi,India,Asia,11,7,14,3,0.31,1355.0,25.6,0.079,44.4
C000,27.87,77.89,2011,Delhi,India,Asia,2,6,18,0,0.58,2391.0,-14.7,0.079,41.1
C000,27.87,77.89,2012,Delhi,India,Asia,7,11,18,2,0.23,2002.0,13.4,0.079,27.4
C000,27.87,77.89,2013,Delhi,India,Asia,7,2,9,2,0.21,1180.0,28.4,0.079,53.3
C000,27.87,77.89,2014,Delhi,India,Asia,6,7,10,2,0.27,1021.0,-10.6,0.079,56.5
C000,27.87,77.89,2015,Delhi,India,Asia,5,5,16,1,0.32,728.0,8.8,0.079,58.2
C000,27.87,77.89,2016,Delhi,India,Asia,11,3,21,3,-0.21,787.0,12.2,0.079,33.7
C000,27.87,77.89,2017,Delhi,India,Asia,8,8,28,2,0.39,774.0,16.2,0.079,55.2
C000,27.87,77.89,2018,Delhi,India,Asia,7,8,22,2,0.67,587.0,-3.4,0.079,61.9
C000,27.87,77.89,2019,Delhi,India,Asia,5,8,17,1,0.39,1089.0,-8.5,0.079,49.4
C000,27.87,77.89,2020,Delhi,India,Asia,13,12,14,4,0.39,1593.0,1.3,0.079,44.4
C000,27.87,77.89,2021,Delhi,India,Asia,10,8,18,3,0.25,1821.0,-8.2,0.079,35.0
C000,27.87,77.89,2022,Delhi,India,Asia,10,16,21,3,0.09,713.0,-9.0,0.079,38.2
C000,27.87,77.89,2023,Delhi,India,Asia,6,6,18,2,0.38,887.0,30.0,0.079,42.2
C001,28.21,77.92,2000,Delhi,India,Asia,13,9,12,4,-0.06,1490.0,11.8,0.542,72.6
C001,28.21,77.92,2001,Delhi,India,Asia,15,14,4,1,0.16,2201.0,3.9,0.542,69.6
C001,28.21,77.92,2002,Delhi,India,Asia,17,8,21,5,0.27,2262.0,-14.7,0.542,77.0
C001,28.21,77.92,2003,Delhi,India,Asia,18,6,14,4,0.06,1608.0,-10.0,0.542,88.0
C001,28.21,77.92,2004,Delhi,India,Asia,19,12,18,6,-0.28,511.0,-10.7,0.542,86.7
C001,28.21,77.92,2005,Delhi,India,Asia,19,9,3,1,-0.1,2127.0,-25.0,0.542,79.7
C001,28.21,77.92,2006,Delhi,India,Asia,16,7,19,5,0.16,583.0,-11.5,0.542,81.5
C001,28.21,77.92,2007,Delhi,India,Asia,16,11,16,5,0.41,462.0,3.3,0.542,100
C001,28.21,77.92,2008,Delhi,India,Asia,19,3,8,2,0.19,1972.0,-6.6,0.542,92.6
C001,28.21,77.92,2009,Delhi,India,Asia,12,14,18,4,0.3,464.0,-29.2,0.542,71.4
C001,28.21,77.92,2010,Delhi,India,Asia,22,9,3,1,-0.1,1039.0,-5.2,0.542,95.2
C001,28.21,77.92,2011,Delhi,India,Asia,24,12,18,6,0.28,880.0,-1.9,0.542,82.2
C001,28.21,77.92,2012,Delhi,India,Asia,15,10,18,5,0.05,2007.0,-7.6,0.542,80.3
C001,28.21,77.92,2013,Delhi,India,Asia,16,9,23,5,0.75,1201.0,26.5,0.542,79.4
C001,28.21,77.92,2014,Delhi,India,Asia,16,6,8,2,0.13,923.0,3.4,0.542,91.8
C001,28.21,77.92,2015,Delhi,India,Asia,27,8,26,8,0.08,937.0,-11.7,0.542,89.7
C001,28.21,77.92,2016,Delhi,India,Asia,25,9,12,4,0.12,775.0,5.7,0.542,66.4
C001,28.21,77.92,2017,Delhi,India,Asia,27,4,12,4,0.39,621.0,2.6,0.542,89.8
C001,28.21,77.92,2018,Delhi,India,Asia,20,12,27,6,0.63,408.0,-12.2,0.542,79.3
C001,28.21,77.92,2019,Delhi,India,Asia,25,15,22,7,0.43,2023.0,-29.7,0.542,72.6
C001,28.21,77.92,2020,Delhi,India,Asia,24,9,10,3,0.05,412.0,5.1,0.542,100
C001,28.21,77.92,2021,Delhi,India,Asia,23,9,25,7,0.06,249.0,25.0,0.542,84.4
C001,28.21,77.92,2022,Delhi,India,Asia,23,10,21,7,0.33,1989.0,-8.4,0.542,93.9
C001,28.21,77.92,2023,Delhi,India,Asia,25,6,21,7,0.59,2191.0,-8.1,0.542,98.1
C002,29.27,77.4,2000,Delhi,India,Asia,13,13,20,4,0.05,2277.0,10.9,0.526,61.5
C002,29.27,77.4,2001,Delhi,India,Asia,12,3,13,4,-0.15,1195.0,13.0,0.526,95.3
C002,29.27,77.4,2002,Delhi,India,Asia,8,6,29,2,0.34,2059.0,-17.8,0.526,78.2
C002,29.27,77.4,2003,Delhi,India,Asia,12,5,11,3,0.23,793.0,21.4,0.526,84.3
C002,29.27,77.4,2004,Delhi,India,Asia,7,9,20,2,0.19,518.0,8.2,0.526,87.5
C002,29.27,77.4,2005,Delhi,India,Asia,13,5,9,3,0.34,737.0,18.4,0.526,82.6
C002,29.27,77.4,2006,Delhi,India,Asia,7,7,7,2,0.29,1882.0,1.3,0.526,93.7
C002,29.27,77.4,2007,Delhi,India,Asia,10,8,9,3,0.34,2286.0,10.5,0.526,78.1
C002,29.27,77.4,2008,Delhi,India,Asia,12,7,23,4,0.32,2218.0,13.8,0.526,96.4
C002,29.27,77.4,2009,Delhi,India,Asia,15,6,12,4,-0.37,1055.0,-7.4,0.526,66.5
C002,29.27,77.4,2010,Delhi,India,Asia,9,4,29,3,-0.26,1514.0,5.1,0.526,88.8
C002,29.27,77.4,2011,Delhi,India,Asia,15,11,17,5,0.12,1768.0,-2.8,0.526,73.0
C002,29.27,77.4,2012,Delhi,India,Asia,13,7,17,4,0.15,2457.0,7.5,0.526,68.9
C002,29.27,77.4,2013,Delhi,India,Asia,15,14,20,5,0.22,1984.0,12.0,0.526,69.7
C002,29.27,77.4,2014,Delhi,India,Asia,15,4,32,5,-0.09,1079.0,5.2,0.526,72.0
C002,29.27,77.4,2015,Delhi,India,Asia,18,10,27,6,0.77,2407.0,14.9,0.526,91.3
C002,29.27,77.4,2016,Delhi,India,Asia,16,8,16,5,0.54,1924.0,9.7,0.526,82.2
C002,29.27,77.4,2017,Delhi,India,Asia,17,8,12,4,0.05,2121.0,3.3,0.526,89.9
C002,29.27,77.4,2018,Delhi,India,Asia,16,7,14,4,0.24,1772.0,7.0,0.526,64.5
C002,29.27,77.4,2019,Delhi,India,Asia,22,7,7,2,0.41,1969.0,-13.3,0.526,77.8
C002,29.27,77.4,2020,Delhi,India,Asia,19,9,20,6,0.26,1919.0,-37.3,0.526,74.8
C002,29.27,77.4,2021,Delhi,India,Asia,20,0,23,6,0.69,1517.0,-6.7,0.526,93.0
C002,29.27,77.4,2022,Delhi,India,Asia,18,10,25,6,0.44,1234.0,-5.1,0.526,91.6
C002,29.27,77.4,2023,Delhi,India,Asia,22,3,10,3,0.48,1068.0,0.4,0.526,82.9
C010,26.46,73.2,2000,Rajasthan,India,Asia,24,6,0,0,-0.07,1838.0,23.3,0.039,41.9
C010,26.46,73.2,2001,Rajasthan,India,Asia,16,9,17,5,0.37,1761.0,-34.9,0.039,30.5
C010,26.46,73.2,2002,Rajasthan,India,Asia,18,11,24,6,-0.03,2425.0,40.5,0.039,55.4
C010,26.46,73.2,2003,Rajasthan,India,Asia,21,15,15,5,0.12,1859.0,14.5,0.039,57.6
C010,26.46,73.2,2004,Rajasthan,India,Asia,19,9,16,5,0.19,1985.0,33.1,0.039,44.5
C010,26.46,73.2,2005,Rajasthan,India,Asia,22,5,13,4,-0.13,1263.0,-0.5,0.039,49.2
C010,26.46,73.2,2006,Rajasthan,India,Asia,18,7,22,6,0.35,360.0,14.8,0.039,47.6
C010,26.46,73.2,2007,Rajasthan,India,Asia,23,12,17,5,0.25,1663.0,-2.1,0.039,51.5
C010,26.46,73.2,2008,Rajasthan,India,Asia,19,7,15,5,0.26,1808.0,18.6,0.039,35.3
C010,26.46,73.2,2009,Rajasthan,India,Asia,17,8,21,5,0.26,1891.0,19.1,0.039,42.8
C010,26.46,73.2,2010,Rajasthan,India,Asia,18,11,12,4,0.39,1312.0,-1.2,0.039,56.8
C010,26.46,73.2,2011,Rajasthan,India,Asia,20,5,13,4,0.08,1720.0,18.0,0.039,27.0
C010,26.46,73.2,2012,Rajasthan,India,Asia,15,11,21,5,0.15,819.0,21.9,0.039,50.3
C010,26.46,73.2,2013,Rajasthan,India,Asia,24,5,5,1,-0.08,541.0,15.7,0.039,39.4
C010,26.46,73.2,2014,Rajasthan,India,Asia,24,12,22,7,0.08,912.0,-6.0,0.039,46.0
C010,26.46,73.2,2015,Rajasthan,India,Asia,22,12,21,7,0.39,939.0,33.7,0.039,32.3
C010,26.46,73.2,2016,Rajasthan,India,Asia,26,9,28,8,0.39,1772.0,-18.4,0.039,43.6
C010,26.46,73.2,2017,Rajasthan,India,Asia,20,1,10,3,0.5,832.0,-7.0,0.039,39.1
C010,26.46,73.2,2018,Rajasthan,India,Asia,22,10,9,3,0.52,2439.0,1.1,0.039,51.3
C010,26.46,73.2,2019,Rajasthan,India,Asia,18,7,14,4,0.45,1342.0,8.0,0.039,47.6
C010,26.46,73.2,2020,Rajasthan,India,Asia,22,8,25,7,0.41,2244.0,7.1,0.039,36.4
C010,26.46,73.2,2021,Rajasthan,India,Asia,22,9,23,7,0.03,2026.0,14.6,0.039,45.0
C010,26.46,73.2,2022,Rajasthan,India,Asia,24,5,15,5,0.35,383.0,-7.4,0.039,36.2
C010,26.46,73.2,2023,Rajasthan,India,Asia,25,8,16,5,0.44,2347.0,3.1,0.039,32.7
C011,26.28,73.0,2000,Rajasthan,India,Asia,6,2,11,2,-0.25,1651.0,21.1,0.421,71.0
C011,26.28,73.0,2001,Rajasthan,India,Asia,9,9,22,3,-0.14,1004.0,-15.2,0.421,65.8
C011,26.28,73.0,2002,Rajasthan,India,Asia,8,7,11,2,0.29,659.0,11.5,0.421,66.5
C011,26.28,73.0,2003,Rajasthan,India,Asia,7,3,15,2,-0.42,1930.0,-0.4,0.421,100
C011,26.28,73.0,2004,Rajasthan,India,Asia,14,13,22,4,-0.38,321.0,23.1,0.421,83.6
C011,26.28,73.0,2005,Rajasthan,India,Asia,8,8,17,2,0.09,1422.0,-7.4,0.421,75.5
C011,26.28,73.0,2006,Rajasthan,India,Asia,7,10,17,2,0.07,1406.0,22.7,0.421,83.4
C011,26.28,73.0,2007,Rajasthan,India,Asia,12,8,9,3,0.46,920.0,18.3,0.421,86.7
C011,26.28,73.0,2008,Rajasthan,India,Asia,14,2,14,4,0.46,764.0,-12.6,0.421,70.6
C011,26.28,73.0,2009,Rajasthan,India,Asia,10,12,24,3,0.07,441.0,-9.4,0.421,64.8
C011,26.28,73.0,2010,Rajasthan,India,Asia,17,7,21,5,-0.2,1432.0,22.6,0.421,62.3
C011,26.28,73.0,2011,Rajasthan,India,Asia,13,9,12,4,0.48,424.0,-11.1,0.421,84.5
C011,26.28,73.0,2012,Rajasthan,India,Asia,19,9,14,4,0.03,886.0,-8.0,0.421,80.8
C011,26.28,73.0,2013,Rajasthan,India,Asia,14,4,14,4,0.23,2303.0,-6.1,0.421,81.6
C011,26.28,73.0,2014,Rajasthan,India,Asia,22,11,4,1,0.36,2334.0,27.1,0.421,70.2
C011,26.28,73.0,2015,Rajasthan,India,Asia,21,4,19,6,0.15,1405.0,-41.7,0.421,59.4
C011,26.28,73.0,2016,Rajasthan,India,Asia,16,3,18,5,0.04,2367.0,-9.4,0.421,65.7
C011,26.28,73.0,2017,Rajasthan,India,Asia,7,9,14,2,0.3,541.0,-7.4,0.421,61.8
C011,26.28,73.0,2018,Rajasthan,India,Asia,18,6,10,3,0.62,315.0,15.3,0.421,81.0
C011,26.28,73.0,2019,Rajasthan,India,Asia,16,9,18,5,0.8,1411.0,5.1,0.421,75.5
C011,26.28,73.0,2020,Rajasthan,India,Asia,19,4,24,6,0.93,250.0,-19.7,0.421,88.0
C011,26.28,73.0,2021,Rajasthan,India,Asia,17,5,25,5,0.16,2191.0,12.3,0.421,67.1
C011,26.28,73.0,2022,Rajasthan,India,Asia,16,4,29,5,0.26,1869.0,20.8,0.421,41.0
C011,26.28,73.0,2023,Rajasthan,India,Asia,18,10,19,6,-0.05,1383.0,-15.2,0.421,74.5
C012,27.67,73.59,2000,Rajasthan,India,Asia,17,15,30,5,0.03,1801.0,-11.7,0.198,46.1
C012,27.67,73.59,2001,Rajasthan,India,Asia,24,4,20,6,0.01,1986.0,-29.3,0.198,30.6
C012,27.67,73.59,2002,Rajasthan,India,Asia,22,11,28,7,-0.21,1391.0,-15.8,0.198,47.9
C012,27.67,73.59,2003,Rajasthan,India,Asia,22,8,12,4,0.12,1977.0,11.3,0.198,54.6
C012,27.67,73.59,2004,Rajasthan,India,Asia,26,8,14,4,0.01,1168.0,-4.3,0.198,70.2
C012,27.67,73.59,2005,Rajasthan,India,Asia,23,7,18,6,0.17,211.0,-1.4,0.198,63.7
C012,27.67,73.59,2006,Rajasthan,India,Asia,25,3,22,7,-0.29,1093.0,5.7,0.198,45.0
C012,27.67,73.59,2007,Rajasthan,India,Asia,25,9,27,8,0.12,1046.0,18.4,0.198,68.4
C012,27.67,73.59,2008,Rajasthan,India,Asia,27,7,21,7,0.07,1168.0,-2.0,0.198,64.8
C012,27.67,73.59,2009,Rajasthan,India,Asia,26,6,23,7,-0.46,1124.0,-4.9,0.198,57.5
C012,27.67,73.59,2010,Rajasthan,India,Asia,25,9,16,5,0.06,558.0,1.1,0.198,51.3
C012,27.67,73.59,2011,Rajasthan,India,Asia,24,6,23,7,0.23,2396.0,10.0,0.198,58.0
C012,27.67,73.59,2012,Rajasthan,India,Asia,24,8,9,3,-0.32,1889.0,-12.3,0.198,38.7
C012,27.67,73.59,2013,Rajasthan,India,Asia,25,0,16,5,0.09,2052.0,-1.3,0.198,52.8
C012,27.67,73.59,2014,Rajasthan,India,Asia,26,12,19,6,0.17,1229.0,-7.3,0.198,45.2
C012,27.67,73.59,2015,Rajasthan,India,Asia,22,10,14,4,0.32,1611.0,-2.7,0.198,50.1
C012,27.67,73.59,2016,Rajasthan,India,Asia,25,12,25,8,0.17,2199.0,-18.3,0.198,42.3
C012,27.67,73.59,2017,Rajasthan,India,Asia,30,5,9,3,-0.08,437.0,1.2,0.198,39.7
C012,27.67,73.59,2018,Rajasthan,India,Asia,22,13,18,6,0.26,1639.0,-10.0,0.198,76.4
C012,27.67,73.59,2019,Rajasthan,India,Asia,29,10,18,6,0.6,541.0,-0.6,0.198,66.1
C012,27.67,73.59,2020,Rajasthan,India,Asia,22,3,29,7,0.6,1372.0,11.2,0.198,53.2
C012,27.67,73.59,2021,Rajasthan,India,Asia,24,8,12,4,0.44,1578.0,0.5,0.198,62.1
C012,27.67,73.59,2022,Rajasthan,India,Asia,27,3,13,4,0.28,544.0,-18.4,0.198,55.5
C012,27.67,73.59,2023,Rajasthan,India,Asia,30,11,23,7,0.45,1632.0,-7.5,0.198,56.4
C020,11.27,76.7,2000,Kerala,India,Asia,7,6,6,2,-0.18,720.0,6.1,-0.038,49.2
C020,11.27,76.7,2001,Kerala,India,Asia,14,5,16,4,0.02,902.0,-4.7,-0.038,34.1
C020,11.27,76.7,2002,Kerala,India,Asia,12,12,20,4,0.01,1583.0,-3.2,-0.038,36.7
C020,11.27,76.7,2003,Kerala,India,Asia,11,9,15,3,0.57,1767.0,5.8,-0.038,38.0
C020,11.27,76.7,2004,Kerala,India,Asia,11,6,13,3,0.3,314.0,8.1,-0.038,38.0
C020,11.27,76.7,2005,Kerala,India,Asia,6,12,13,2,-0.07,1763.0,-2.7,-0.038,48.8
C020,11.27,76.7,2006,Kerala,India,Asia,8,14,9,2,0.55,1675.0,11.3,-0.038,25.6
C020,11.27,76.7,2007,Kerala,India,Asia,13,5,12,4,-0.24,1414.0,-17.1,-0.038,32.0
C020,11.27,76.7,2008,Kerala,India,Asia,6,11,11,2,-0.12,324.0,-9.3,-0.038,36.6
C020,11.27,76.7,2009,Kerala,India,Asia,12,11,12,4,0.12,823.0,-16.7,-0.038,34.8
C020,11.27,76.7,2010,Kerala,India,Asia,10,8,10,3,0.51,1452.0,-27.8,-0.038,31.6
C020,11.27,76.7,2011,Kerala,India,Asia,10,3,22,3,0.27,1770.0,18.5,-0.038,55.3
C020,11.27,76.7,2012,Kerala,India,Asia,15,12,19,5,0.8,2151.0,-16.1,-0.038,54.9
C020,11.27,76.7,2013,Kerala,India,Asia,14,12,12,4,0.48,471.0,-9.6,-0.038,32.2
C020,11.27,76.7,2014,Kerala,India,Asia,8,3,17,2,0.26,2390.0,18.8,-0.038,30.0
C020,11.27,76.7,2015,Kerala,India,Asia,8,10,22,2,0.08,1992.0,-12.8,-0.038,30.8
C020,11.27,76.7,2016,Kerala,India,Asia,14,6,16,4,0.26,1283.0,22.8,-0.038,40.6
C020,11.27,76.7,2017,Kerala,India,Asia,12,8,20,4,0.45,1369.0,-7.4,-0.038,43.2
C020,11.27,76.7,2018,Kerala,India,Asia,17,7,12,4,-0.09,2085.0,0.8,-0.038,55.1
C020,11.27,76.7,2019,Kerala,India,Asia,11,11,16,3,0.52,1987.0,11.3,-0.038,32.6
C020,11.27,76.7,2020,Kerala,India,Asia,13,6,8,2,-0.43,1976.0,15.1,-0.038,40.6
C020,11.27,76.7,2021,Kerala,India,Asia,9,9,21,3,0.12,1808.0,-12.0,-0.038,27.9
C020,11.27,76.7,2022,Kerala,India,Asia,15,9,22,5,0.32,1678.0,-13.7,-0.038,37.6
C020,11.27,76.7,2023,Kerala,India,Asia,9,0,32,3,0.55,1081.0,4.7,-0.038,31.6
C021,10.93,75.5,2000,Kerala,India,Asia,13,9,10,3,-0.44,1050.0,-12.8,0.582,74.6
C021,10.93,75.5,2001,Kerala,India,Asia,18,6,12,4,0.11,1323.0,-0.8,0.582,91.7
C021,10.93,75.5,2002,Kerala,India,Asia,19,8,18,6,-0.38,2365.0,-14.1,0.582,89.1
C021,10.93,75.5,2003,Kerala,India,Asia,11,7,18,3,-0.03,1407.0,9.1,0.582,91.3
C021,10.93,75.5,2004,Kerala,India,Asia,11,9,12,3,-0.43,725.0,-15.6,0.582,57.5
C021,10.93,75.5,2005,Kerala,India,Asia,15,7,12,4,0.18,612.0,-3.1,0.582,83.2
C021,10.93,75.5,2006,Kerala,India,Asia,14,7,19,4,0.37,250.0,2.3,0.582,93.8
C021,10.93,75.5,2007,Kerala,India,Asia,22,8,19,6,0.47,1607.0,6.0,0.582,86.5
C021,10.93,75.5,2008,Kerala,India,Asia,16,10,14,4,0.12,406.0,22.8,0.582,96.9
C021,10.93,75.5,2009,Kerala,India,Asia,23,9,17,5,0.12,2176.0,-23.5,0.582,89.9
C021,10.93,75.5,2010,Kerala,India,Asia,21,9,6,2,-0.01,1972.0,-30.5,0.582,63.1
C021,10.93,75.5,2011,Kerala,India,Asia,22,4,14,4,-0.22,2059.0,-12.1,0.582,86.8
C021,10.93,75.5,2012,Kerala,India,Asia,24,6,16,5,0.42,1858.0,12.3,0.582,91.3
C021,10.93,75.5,2013,Kerala,India,Asia,24,6,17,5,0.56,1501.0,37.1,0.582,88.7
C021,10.93,75.5,2014,Kerala,India,Asia,25,7,24,8,0.45,1622.0,-22.9,0.582,82.4
C021,10.93,75.5,2015,Kerala,India,Asia,23,9,8,2,0.42,390.0,7.9,0.582,84.3
C021,10.93,75.5,2016,Kerala,India,Asia,23,7,13,4,0.49,516.0,-18.4,0.582,78.0
C021,10.93,75.5,2017,Kerala,India,Asia,18,6,20,6,0.21,666.0,-2.9,0.582,76.7
C021,10.93,75.5,2018,Kerala,India,Asia,25,6,17,5,0.52,1332.0,-4.7,0.582,98.2
C021,10.93,75.5,2019,Kerala,India,Asia,24,12,29,8,0.45,1631.0,11.6,0.582,92.4
C021,10.93,75.5,2020,Kerala,India,Asia,22,9,28,7,0.57,568.0,22.9,0.582,100
C021,10.93,75.5,2021,Kerala,India,Asia,27,6,11,3,0.58,1913.0,-15.1,0.582,86.3
C021,10.93,75.5,2022,Kerala,India,Asia,35,3,22,7,1.15,1720.0,-27.3,0.582,84.6
C021,10.93,75.5,2023,Kerala,India,Asia,24,5,17,5,-0.07,2468.0,-20.4,0.582,80.9
C022,10.59,75.76,2000,Kerala,India,Asia,2,2,3,0,-0.01,2426.0,1.9,0.347,57.4
C022,10.59,75.76,2001,Kerala,India,Asia,6,9,16,2,-0.12,1487.0,-4.4,0.347,68.6
C022,10.59,75.76,2002,Kerala,India,Asia,7,13,2,0,-0.12,2288.0,18.8,0.347,76.1
C022,10.59,75.76,2003,Kerala,India,Asia,10,8,1,0,0.33,1569.0,6.6,0.347,78.9
C022,10.59,75.76,2004,Kerala,India,Asia,5,7,7,1,0.55,2457.0,0.9,0.347,64.2
C022,10.59,75.76,2005,Kerala,India,Asia,10,6,17,3,-0.06,540.0,10.2,0.347,63.2
C022,10.59,75.76,2006,Kerala,India,Asia,11,8,27,3,0.09,1111.0,26.7,0.347,67.0
C022,10.59,75.76,2007,Kerala,India,Asia,10,4,6,2,0.54,1282.0,17.4,0.347,62.7
C022,10.59,75.76,2008,Kerala,India,Asia,11,6,9,3,0.34,930.0,11.8,0.347,78.5
C022,10.59,75.76,2009,Kerala,India,Asia,10,6,23,3,-0.22,1984.0,-47.2,0.347,86.3
C022,10.59,75.76,2010,Kerala,India,Asia,10,4,22,3,0.46,233.0,11.1,0.347,62.5
C022,10.59,75.76,2011,Kerala,India,Asia,7,10,12,2,-0.08,1315.0,-19.3,0.347,53.3
C022,10.59,75.76,2012,Kerala,India,Asia,6,9,17,2,0.22,570.0,-4.7,0.347,73.9
C022,10.59,75.76,2013,Kerala,India,Asia,11,6,21,3,0.42,1370.0,21.5,0.347,38.0
C022,10.59,75.76,2014,Kerala,India,Asia,13,4,19,4,0.31,1651.0,5.0,0.347,60.6
C022,10.59,75.76,2015,Kerala,India,Asia,14,7,10,3,0.11,372.0,16.9,0.347,88.3
C022,10.59,75.76,2016,Kerala,India,Asia,11,9,16,3,0.79,804.0,3.0,0.347,75.6
C022,10.59,75.76,2017,Kerala,India,Asia,7,8,14,2,0.92,2445.0,2.6,0.347,64.2
C022,10.59,75.76,2018,Kerala,India,Asia,9,14,20,3,0.24,1217.0,-16.3,0.347,80.3
C022,10.59,75.76,2019,Kerala,India,Asia,15,8,18,5,-0.25,293.0,-18.8,0.347,60.0
C022,10.59,75.76,2020,Kerala,India,Asia,15,5,22,5,0.37,464.0,13.6,0.347,77.4
C022,10.59,75.76,2021,Kerala,India,Asia,14,9,19,4,0.52,2413.0,-19.7,0.347,90.0
C022,10.59,75.76,2022,Kerala,India,Asia,13,5,20,4,0.42,2458.0,11.2,0.347,69.3
C022,10.59,75.76,2023,Kerala,India,Asia,13,7,19,4,0.33,2079.0,17.9,0.347,70.4
C030,13.42,7.58,2000,Sahel,Niger,Africa,16,14,22,5,0.18,631.0,-26.8,0.254,42.9
C030,13.42,7.58,2001,Sahel,Niger,Africa,16,5,10,3,0.28,2339.0,-10.6,0.254,49.3
C030,13.42,7.58,2002,Sahel,Niger,Africa,16,4,19,5,-0.31,979.0,-6.0,0.254,55.1
C030,13.42,7.58,2003,Sahel,Niger,Africa,17,7,20,5,-0.28,1719.0,27.4,0.254,53.1
C030,13.42,7.58,2004,Sahel,Niger,Africa,17,5,24,5,-0.21,1589.0,6.0,0.254,67.1
C030,13.42,7.58,2005,Sahel,Niger,Africa,22,5,16,5,-0.2,1441.0,-0.1,0.254,62.0
C030,13.42,7.58,2006,Sahel,Niger,Africa,21,2,10,3,0.19,1368.0,4.3,0.254,71.3
C030,13.42,7.58,2007,Sahel,Niger,Africa,17,15,23,5,0.61,325.0,23.3,0.254,73.4
C030,13.42,7.58,2008,Sahel,Niger,Africa,24,6,14,4,0.13,1071.0,-5.8,0.254,68.0
C030,13.42,7.58,2009,Sahel,Niger,Africa,26,4,25,8,0.33,956.0,-13.2,0.254,44.0
C030,13.42,7.58,2010,Sahel,Niger,Africa,27,10,15,5,0.5,984.0,21.2,0.254,62.8
C030,13.42,7.58,2011,Sahel,Niger,Africa,20,3,17,5,-0.28,1674.0,-4.7,0.254,69.5
C030,13.42,7.58,2012,Sahel,Niger,Africa,30,4,21,7,-0.31,2363.0,-9.1,0.254,64.3
C030,13.42,7.58,2013,Sahel,Niger,Africa,25,8,19,6,0.73,1073.0,-17.3,0.254,49.3
C030,13.42,7.58,2014,Sahel,Niger,Africa,22,12,11,3,0.64,1781.0,-8.6,0.254,62.4
C030,13.42,7.58,2015,Sahel,Niger,Africa,29,15,12,4,0.41,2043.0,-35.4,0.254,61.9
C030,13.42,7.58,2016,Sahel,Niger,Africa,27,10,21,7,-0.09,1188.0,13.7,0.254,46.3
C030,13.42,7.58,2017,Sahel,Niger,Africa,23,6,19,6,0.74,1680.0,33.8,0.254,56.5
C030,13.42,7.58,2018,Sahel,Niger,Africa,19,10,26,6,0.5,1383.0,6.5,0.254,67.4
C030,13.42,7.58,2019,Sahel,Niger,Africa,30,9,20,6,0.82,1173.0,-0.7,0.254,58.3
C030,13.42,7.58,2020,Sahel,Niger,Africa,25,8,13,4,0.85,1606.0,-15.7,0.254,56.3
C030,13.42,7.58,2021,Sahel,Niger,Africa,24,11,6,2,0.34,620.0,-4.1,0.254,62.5
C030,13.42,7.58,2022,Sahel,Niger,Africa,30,7,24,8,0.5,475.0,-16.4,0.254,55.8
C030,13.42,7.58,2023,Sahel,Niger,Africa,27,9,20,6,0.71,2054.0,12.1,0.254,63.5
C031,14.45,7.13,2000,Sahel,Niger,Africa,21,8,10,3,0.33,1218.0,6.0,0.005,26.2
C031,14.45,7.13,2001,Sahel,Niger,Africa,20,9,15,5,-0.13,2391.0,4.0,0.005,33.9
C031,14.45,7.13,2002,Sahel,Niger,Africa,18,10,11,3,0.15,274.0,-0.1,0.005,47.0
C031,14.45,7.13,2003,Sahel,Niger,Africa,17,10,21,5,-0.25,1616.0,9.8,0.005,33.0
C031,14.45,7.13,2004,Sahel,Niger,Africa,17,9,21,5,-0.46,2295.0,-5.8,0.005,37.4
C031,14.45,7.13,2005,Sahel,Niger,Africa,23,10,21,7,-0.14,2318.0,22.8,0.005,33.3
C031,14.45,7.13,2006,Sahel,Niger,Africa,16,10,12,4,0.36,1284.0,7.8,0.005,41.0
C031,14.45,7.13,2007,Sahel,Niger,Africa,20,11,22,6,-0.2,544.0,-20.3,0.005,44.1
C031,14.45,7.13,2008,Sahel,Niger,Africa,19,8,13,4,0.02,1684.0,14.0,0.005,57.7
C031,14.45,7.13,2009,Sahel,Niger,Africa,17,10,4,1,-0.01,2308.0,12.8,0.005,27.8
C031,14.45,7.13,2010,Sahel,Niger,Africa,20,8,0,0,0.01,1870.0,5.0,0.005,49.2
C031,14.45,7.13,2011,Sahel,Niger,Africa,22,7,25,7,-0.21,1998.0,-15.5,0.005,29.8
C031,14.45,7.13,2012,Sahel,Niger,Africa,18,9,18,6,0.22,823.0,-29.3,0.005,23.4
C031,14.45,7.13,2013,Sahel,Niger,Africa,19,10,20,6,0.04,1127.0,-3.0,0.005,42.9
C031,14.45,7.13,2014,Sahel,Niger,Africa,23,6,20,6,0.29,512.0,-21.4,0.005,55.8
C031,14.45,7.13,2015,Sahel,Niger,Africa,20,9,15,5,0.63,2273.0,-31.4,0.005,35.1
C031,14.45,7.13,2016,Sahel,Niger,Africa,15,7,23,5,0.03,1292.0,-14.0,0.005,39.7
C031,14.45,7.13,2017,Sahel,Niger,Africa,18,8,21,6,0.83,507.0,2.3,0.005,46.2
C031,14.45,7.13,2018,Sahel,Niger,Africa,18,8,13,4,0.68,1759.0,4.3,0.005,37.2
C031,14.45,7.13,2019,Sahel,Niger,Africa,17,6,14,4,0.71,2127.0,-20.8,0.005,14.9
C031,14.45,7.13,2020,Sahel,Niger,Africa,21,8,17,5,0.41,320.0,-12.9,0.005,49.9
C031,14.45,7.13,2021,Sahel,Niger,Africa,19,8,15,5,0.87,1504.0,20.4,0.005,40.1
C031,14.45,7.13,2022,Sahel,Niger,Africa,22,5,13,4,0.48,364.0,20.3,0.005,46.0
C031,14.45,7.13,2023,Sahel,Niger,Africa,19,7,21,6,0.7,920.0,5.8,0.005,33.8
C032,13.61,7.98,2000,Sahel,Niger,Africa,4,7,2,0,0.29,700.0,-13.6,0.106,59.9
C032,13.61,7.98,2001,Sahel,Niger,Africa,1,6,8,0,-0.26,942.0,-9.0,0.106,56.6
C032,13.61,7.98,2002,Sahel,Niger,Africa,1,7,19,0,-0.17,1233.0,19.8,0.106,25.4
C032,13.61,7.98,2003,Sahel,Niger,Africa,5,12,15,1,0.55,289.0,-19.5,0.106,47.9
C032,13.61,7.98,2004,Sahel,Niger,Africa,3,1,17,1,-0.29,1344.0,19.0,0.106,49.5
C032,13.61,7.98,2005,Sahel,Niger,Africa,0,6,20,0,0.44,319.0,-4.2,0.106,30.1
C032,13.61,7.98,2006,Sahel,Niger,Africa,1,9,13,0,-0.1,403.0,0.7,0.106,39.1
C032,13.61,7.98,2007,Sahel,Niger,Africa,7,10,23,2,-0.51,1505.0,9.1,0.106,47.3
C032,13.61,7.98,2008,Sahel,Niger,Africa,5,8,17,1,0.77,337.0,-10.1,0.106,38.6
C032,13.61,7.98,2009,Sahel,Niger,Africa,15,7,20,5,0.34,2480.0,-4.6,0.106,54.0
C032,13.61,7.98,2010,Sahel,Niger,Africa,9,5,14,3,0.56,1183.0,-18.4,0.106,51.8
C032,13.61,7.98,2011,Sahel,Niger,Africa,8,11,24,2,0.11,2011.0,-1.8,0.106,54.2
C032,13.61,7.98,2012,Sahel,Niger,Africa,14,8,21,4,0.44,1706.0,-2.0,0.106,34.7
C032,13.61,7.98,2013,Sahel,Niger,Africa,1,10,6,0,0.46,324.0,-1.2,0.106,44.0
C032,13.61,7.98,2014,Sahel,Niger,Africa,4,10,20,1,0.58,2162.0,9.6,0.106,50.0
C032,13.61,7.98,2015,Sahel,Niger,Africa,9,7,7,2,0.72,1985.0,9.4,0.106,60.5
C032,13.61,7.98,2016,Sahel,Niger,Africa,8,12,8,2,0.13,349.0,9.7,0.106,45.3
C032,13.61,7.98,2017,Sahel,Niger,Africa,8,5,20,2,0.25,324.0,-34.0,0.106,53.1
C032,13.61,7.98,2018,Sahel,Niger,Africa,3,8,22,1,0.68,1183.0,18.8,0.106,37.9
C032,13.61,7.98,2019,Sahel,Niger,Africa,5,8,28,1,1.01,1605.0,4.3,0.106,66.5
C032,13.61,7.98,2020,Sahel,Niger,Africa,7,11,21,2,0.3,437.0,8.1,0.106,50.4
C032,13.61,7.98,2021,Sahel,Niger,Africa,5,9,19,1,0.47,1320.0,-23.2,0.106,54.0
C032,13.61,7.98,2022,Sahel,Niger,Africa,6,11,15,2,0.9,601.0,-16.3,0.106,49.2
C032,13.61,7.98,2023,Sahel,Niger,Africa,3,8,14,1,0.4,2095.0,18.3,0.106,44.7
C040,-33.63,18.85,2000,Cape Town,South Africa,Africa,15,5,10,3,-0.52,2288.0,9.4,0.294,74.2
C040,-33.63,18.85,2001,Cape Town,South Africa,Africa,19,2,20,6,0.1,1625.0,14.5,0.294,67.4
C040,-33.63,18.85,2002,Cape Town,South Africa,Africa,18,8,5,1,-0.32,2208.0,8.2,0.294,84.4
C040,-33.63,18.85,2003,Cape Town,South Africa,Africa,22,7,7,2,0.97,1085.0,0.3,0.294,62.2
C040,-33.63,18.85,2004,Cape Town,South Africa,Africa,11,1,9,3,0.5,1616.0,8.6,0.294,59.0
C040,-33.63,18.85,2005,Cape Town,South Africa,Africa,17,5,19,5,0.68,420.0,13.9,0.294,63.7
C040,-33.63,18.85,2006,Cape Town,South Africa,Africa,19,1,24,6,0.46,2081.0,5.9,0.294,71.7
C040,-33.63,18.85,2007,Cape Town,South Africa,Africa,15,9,26,5,-0.38,1403.0,-6.0,0.294,86.7
C040,-33.63,18.85,2008,Cape Town,South Africa,Africa,17,9,1,0,-0.02,537.0,-17.0,0.294,67.8
C040,-33.63,18.85,2009,Cape Town,South Africa,Africa,12,10,9,3,-0.12,1766.0,-2.5,0.294,62.3
C040,-33.63,18.85,2010,Cape Town,South Africa,Africa,18,5,14,4,-0.18,279.0,-4.7,0.294,59.1
C040,-33.63,18.85,2011,Cape Town,South Africa,Africa,8,9,19,2,0.68,844.0,-2.6,0.294,35.0
C040,-33.63,18.85,2012,Cape Town,South Africa,Africa,17,8,13,4,0.29,754.0,-10.0,0.294,46.9
C040,-33.63,18.85,2013,Cape Town,South Africa,Africa,18,5,16,5,0.62,365.0,21.3,0.294,74.6
C040,-33.63,18.85,2014,Cape Town,South Africa,Africa,22,3,14,4,0.56,2340.0,-20.9,0.294,56.2
C040,-33.63,18.85,2015,Cape Town,South Africa,Africa,16,8,10,3,0.48,2344.0,-12.0,0.294,70.6
C040,-33.63,18.85,2016,Cape Town,South Africa,Africa,26,6,19,6,0.48,752.0,0.8,0.294,73.5
C040,-33.63,18.85,2017,Cape Town,South Africa,Africa,20,4,21,6,0.44,2087.0,-4.5,0.294,63.0
C040,-33.63,18.85,2018,Cape Town,South Africa,Africa,21,6,21,7,0.52,1975.0,-10.9,0.294,70.8
C040,-33.63,18.85,2019,Cape Town,South Africa,Africa,17,12,15,5,0.37,2315.0,-3.5,0.294,66.1
C040,-33.63,18.85,2020,Cape Town,South Africa,Africa,25,12,16,5,0.28,2387.0,4.9,0.294,54.5
C040,-33.63,18.85,2021,Cape Town,South Africa,Africa,21,8,14,4,0.16,1925.0,19.9,0.294,61.8
C040,-33.63,18.85,2022,Cape Town,South Africa,Africa,24,10,16,5,0.44,2151.0,-4.0,0.294,53.9
C040,-33.63,18.85,2023,Cape Town,South Africa,Africa,15,3,20,5,1.51,1074.0,6.5,0.294,55.9
C041,-34.67,17.82,2000,Cape Town,South Africa,Africa,23,8,25,7,0.4,456.0,-3.6,0.506,77.0
C041,-34.67,17.82,2001,Cape Town,South Africa,Africa,17,7,15,5,0.28,1606.0,-17.2,0.506,74.8
C041,-34.67,17.82,2002,Cape Town,South Africa,Africa,24,8,11,3,-0.1,1627.0,-11.0,0.506,83.5
C041,-34.67,17.82,2003,Cape Town,South Africa,Africa,28,7,22,7,-0.0,1428.0,-1.1,0.506,86.6
C041,-34.67,17.82,2004,Cape Town,South Africa,Africa,25,4,12,4,-0.02,1373.0,-13.8,0.506,66.3
C041,-34.67,17.82,2005,Cape Town,South Africa,Africa,24,5,12,4,-0.27,1298.0,-8.8,0.506,74.3
C041,-34.67,17.82,2006,Cape Town,South Africa,Africa,28,8,28,9,0.01,2102.0,-1.7,0.506,99.6
C041,-34.67,17.82,2007,Cape Town,South Africa,Africa,28,4,15,5,0.27,2495.0,29.3,0.506,80.3
C041,-34.67,17.82,2008,Cape Town,South Africa,Africa,23,9,22,7,-0.04,488.0,18.4,0.506,78.7
C041,-34.67,17.82,2009,Cape Town,South Africa,Africa,29,3,22,7,0.31,228.0,-3.8,0.506,100
C041,-34.67,17.82,2010,Cape Town,South Africa,Africa,27,4,23,7,0.5,1593.0,-14.9,0.506,68.9
C041,-34.67,17.82,2011,Cape Town,South Africa,Africa,32,6,11,3,-0.02,1555.0,-4.2,0.506,74.7
C041,-34.67,17.82,2012,Cape Town,South Africa,Africa,31,8,24,8,0.34,902.0,1.9,0.506,74.7
C041,-34.67,17.82,2013,Cape Town,South Africa,Africa,34,12,22,7,0.41,1787.0,-10.9,0.506,77.5
C041,-34.67,17.82,2014,Cape Town,South Africa,Africa,33,10,17,5,0.87,809.0,2.9,0.506,79.6
C041,-34.67,17.82,2015,Cape Town,South Africa,Africa,29,6,11,3,0.35,2061.0,10.1,0.506,96.2
C041,-34.67,17.82,2016,Cape Town,South Africa,Africa,36,8,21,7,0.04,2153.0,-8.6,0.506,87.9
C041,-34.67,17.82,2017,Cape Town,South Africa,Africa,40,3,19,6,0.13,2367.0,-20.0,0.506,95.5
C041,-34.67,17.82,2018,Cape Town,South Africa,Africa,32,9,18,6,0.82,2453.0,-7.1,0.506,79.9
C041,-34.67,17.82,2019,Cape Town,South Africa,Africa,31,2,18,6,0.36,918.0,3.9,0.506,65.2
C041,-34.67,17.82,2020,Cape Town,South Africa,Africa,40,7,21,7,-0.04,1075.0,25.0,0.506,84.2
C041,-34.67,17.82,2021,Cape Town,South Africa,Africa,28,9,27,9,0.86,1684.0,17.6,0.506,70.3
C041,-34.67,17.82,2022,Cape Town,South Africa,Africa,31,9,23,7,0.57,1522.0,6.2,0.506,89.0
C041,-34.67,17.82,2023,Cape Town,South Africa,Africa,33,4,24,8,0.26,1473.0,-22.2,0.506,88.4
C042,-33.65,19.29,2000,Cape Town,South Africa,Africa,11,9,12,3,0.06,1576.0,-15.6,0.198,57.2
C042,-33.65,19.29,2001,Cape Town,South Africa,Africa,4,7,8,1,0.66,1491.0,-11.3,0.198,54.0
C042,-33.65,19.29,2002,Cape Town,South Africa,Africa,7,4,6,2,-0.14,423.0,-8.1,0.198,61.5
C042,-33.65,19.29,2003,Cape Town,South Africa,Africa,10,8,23,3,0.3,1075.0,-23.7,0.198,57.9
C042,-33.65,19.29,2004,Cape Town,South Africa,Africa,10,4,7,2,0.42,1975.0,-14.5,0.198,55.3
C042,-33.65,19.29,2005,Cape Town,South Africa,Africa,13,9,16,4,0.19,1245.0,-1.2,0.198,58.6
C042,-33.65,19.29,2006,Cape Town,South Africa,Africa,10,6,19,3,-0.23,1015.0,14.2,0.198,61.9
C042,-33.65,19.29,2007,Cape Town,South Africa,Africa,8,10,17,2,-0.48,1017.0,-13.2,0.198,54.4
C042,-33.65,19.29,2008,Cape Town,South Africa,Africa,10,10,17,3,-0.05,2400.0,-6.4,0.198,67.5
C042,-33.65,19.29,2009,Cape Town,South Africa,Africa,9,4,14,3,-0.01,1712.0,5.0,0.198,82.4
C042,-33.65,19.29,2010,Cape Town,South Africa,Africa,11,7,14,3,0.3,2073.0,26.1,0.198,52.0
C042,-33.65,19.29,2011,Cape Town,South Africa,Africa,11,6,10,3,0.53,564.0,-14.3,0.198,59.2
C042,-33.65,19.29,2012,Cape Town,South Africa,Africa,16,12,18,5,-0.24,866.0,21.7,0.198,54.4
C042,-33.65,19.29,2013,Cape Town,South Africa,Africa,10,8,18,3,0.12,1266.0,7.8,0.198,46.1
C042,-33.65,19.29,2014,Cape Town,South Africa,Africa,10,6,15,3,0.34,236.0,-6.4,0.198,67.2
C042,-33.65,19.29,2015,Cape Town,South Africa,Africa,11,10,22,3,0.19,309.0,14.8,0.198,45.9
C042,-33.65,19.29,2016,Cape Town,South Africa,Africa,14,5,19,4,0.57,1722.0,16.9,0.198,65.7
C042,-33.65,19.29,2017,Cape Town,South Africa,Africa,12,8,16,4,0.22,1571.0,30.3,0.198,37.9
C042,-33.65,19.29,2018,Cape Town,South Africa,Africa,8,9,8,2,0.15,598.0,-32.7,0.198,51.4
C042,-33.65,19.29,2019,Cape Town,South Africa,Africa,12,9,22,4,0.19,1526.0,-11.6,0.198,55.0
C042,-33.65,19.29,2020,Cape Town,South Africa,Africa,9,10,8,2,1.11,1087.0,-15.2,0.198,62.8
C042,-33.65,19.29,2021,Cape Town,South Africa,Africa,11,8,19,3,0.03,506.0,-13.5,0.198,47.6
C042,-33.65,19.29,2022,Cape Town,South Africa,Africa,7,7,22,2,0.65,294.0,-23.9,0.198,66.2
C042,-33.65,19.29,2023,Cape Town,South Africa,Africa,10,8,21,3,-0.06,279.0,-17.7,0.198,51.6
C050,31.09,-98.82,2000,Texas,USA,North America,8,0,16,2,-0.03,1510.0,6.6,0.036,54.2
C050,31.09,-98.82,2001,Texas,USA,North America,9,7,21,3,0.2,321.0,17.0,0.036,25.3
C050,31.09,-98.82,2002,Texas,USA,North America,16,8,16,5,-0.03,1550.0,-9.2,0.036,43.9
C050,31.09,-98.82,2003,Texas,USA,North America,12,4,20,4,-0.59,2431.0,-15.9,0.036,25.6
C050,31.09,-98.82,2004,Texas,USA,North America,13,9,8,2,0.14,1045.0,8.1,0.036,30.8
C050,31.09,-98.82,2005,Texas,USA,North America,13,5,21,4,-0.0,2484.0,-13.3,0.036,38.9
C050,31.09,-98.82,2006,Texas,USA,North America,10,7,13,3,-0.25,2052.0,13.9,0.036,47.7
C050,31.09,-98.82,2007,Texas,USA,North America,10,7,17,3,-0.5,1639.0,3.2,0.036,18.9
C050,31.09,-98.82,2008,Texas,USA,North America,7,9,23,2,-0.13,836.0,-21.7,0.036,33.8
C050,31.09,-98.82,2009,Texas,USA,North America,12,6,21,4,0.58,1847.0,-2.2,0.036,31.4
C050,31.09,-98.82,2010,Texas,USA,North America,5,13,16,1,0.45,257.0,18.1,0.036,50.0
C050,31.09,-98.82,2011,Texas,USA,North America,10,6,16,3,0.04,1056.0,-17.0,0.036,29.8
C050,31.09,-98.82,2012,Texas,USA,North America,6,9,8,2,0.32,2117.0,-17.8,0.036,37.9
C050,31.09,-98.82,2013,Texas,USA,North America,12,7,19,4,0.27,915.0,-20.2,0.036,39.6
C050,31.09,-98.82,2014,Texas,USA,North America,11,7,20,3,0.12,2425.0,-16.4,0.036,58.8
C050,31.09,-98.82,2015,Texas,USA,North America,11,7,12,3,0.28,2485.0,1.7,0.036,52.8
C050,31.09,-98.82,2016,Texas,USA,North America,11,8,10,3,0.22,574.0,5.6,0.036,36.8
C050,31.09,-98.82,2017,Texas,USA,North America,15,6,24,5,0.28,2128.0,-18.8,0.036,33.2
C050,31.09,-98.82,2018,Texas,USA,North America,8,9,17,2,0.63,2329.0,25.0,0.036,51.8
C050,31.09,-98.82,2019,Texas,USA,North America,11,6,8,2,0.62,1370.0,-17.7,0.036,42.3
C050,31.09,-98.82,2020,Texas,USA,North America,16,16,18,5,0.15,999.0,-8.0,0.036,23.4
C050,31.09,-98.82,2021,Texas,USA,North America,9,7,14,3,0.71,2239.0,-3.1,0.036,36.0
C050,31.09,-98.82,2022,Texas,USA,North America,16,8,18,5,1.05,569.0,26.9,0.036,42.5
C050,31.09,-98.82,2023,Texas,USA,North America,11,8,20,3,0.33,550.0,-6.9,0.036,47.0
C051,30.19,-98.9,2000,Texas,USA,North America,27,8,2,0,-0.12,1676.0,-9.9,0.228,66.7
C051,30.19,-98.9,2001,Texas,USA,North America,23,10,8,2,0.31,867.0,3.1,0.228,74.2
C051,30.19,-98.9,2002,Texas,USA,North America,17,4,3,1,0.31,1914.0,-8.2,0.228,54.9
C051,30.19,-98.9,2003,Texas,USA,North America,27,5,12,4,0.29,1652.0,3.5,0.228,49.8
C051,30.19,-98.9,2004,Texas,USA,North America,27,6,16,5,-0.58,1638.0,-16.8,0.228,56.0
C051,30.19,-98.9,2005,Texas,USA,North America,25,5,7,2,0.03,572.0,2.7,0.228,64.1
C051,30.19,-98.9,2006,Texas,USA,North America,26,3,11,3,0.25,1994.0,-3.3,0.228,57.8
C051,30.19,-98.9,2007,Texas,USA,North America,26,10,10,3,0.36,827.0,-11.2,0.228,53.0
C051,30.19,-98.9,2008,Texas,USA,North America,24,8,14,4,0.1,520.0,14.2,0.228,44.8
C051,30.19,-98.9,2009,Texas,USA,North America,28,7,20,6,0.26,647.0,-23.0,0.228,62.1
C051,30.19,-98.9,2010,Texas,USA,North America,22,7,22,7,-0.15,1481.0,16.0,0.228,46.7
C051,30.19,-98.9,2011,Texas,USA,North America,26,8,16,5,0.06,1588.0,-10.1,0.228,51.1
C051,30.19,-98.9,2012,Texas,USA,North America,30,8,9,3,-0.34,239.0,-9.5,0.228,52.2
C051,30.19,-98.9,2013,Texas,USA,North America,31,8,26,8,0.03,1102.0,22.9,0.228,52.7
C051,30.19,-98.9,2014,Texas,USA,North America,24,5,23,7,-0.08,424.0,-6.4,0.228,61.1
C051,30.19,-98.9,2015,Texas,USA,North America,22,5,31,7,0.35,1481.0,-33.7,0.228,72.8
C051,30.19,-98.9,2016,Texas,USA,North America,30,12,27,9,0.88,857.0,-4.7,0.228,48.4
C051,30.19,-98.9,2017,Texas,USA,North America,25,3,13,4,0.39,2065.0,-20.3,0.228,48.9
C051,30.19,-98.9,2018,Texas,USA,North America,35,9,10,3,0.26,2301.0,-7.4,0.228,68.0
C051,30.19,-98.9,2019,Texas,USA,North America,23,4,4,1,0.11,489.0,4.8,0.228,55.7
C051,30.19,-98.9,2020,Texas,USA,North America,26,5,18,6,0.75,277.0,-8.7,0.228,52.3
C051,30.19,-98.9,2021,Texas,USA,North America,33,2,16,5,0.52,2421.0,27.9,0.228,54.7
C051,30.19,-98.9,2022,Texas,USA,North America,35,5,16,5,0.47,754.0,0.8,0.228,65.3
C051,30.19,-98.9,2023,Texas,USA,North America,35,12,18,6,0.07,462.0,-0.1,0.228,63.9
C052,30.69,-99.9,2000,Texas,USA,North America,12,4,19,4,0.33,2213.0,6.1,0.583,82.0
C052,30.69,-99.9,2001,Texas,USA,North America,19,5,4,1,-0.02,1737.0,-13.6,0.583,100
C052,30.69,-99.9,2002,Texas,USA,North America,23,5,16,5,0.06,1524.0,5.2,0.583,89.1
C052,30.69,-99.9,2003,Texas,USA,North America,19,7,14,4,0.31,2345.0,24.8,0.583,80.8
C052,30.69,-99.9,2004,Texas,USA,North America,17,8,19,5,0.03,1675.0,3.2,0.583,74.9
C052,30.69,-99.9,2005,Texas,USA,North America,25,3,9,3,0.45,417.0,-20.3,0.583,92.9
C052,30.69,-99.9,2006,Texas,USA,North America,20,10,16,5,-0.09,2321.0,6.7,0.583,92.1
C052,30.69,-99.9,2007,Texas,USA,North America,19,6,19,6,-0.1,493.0,-7.7,0.583,77.4
C052,30.69,-99.9,2008,Texas,USA,North America,20,6,21,6,0.24,1385.0,3.2,0.583,93.1
C052,30.69,-99.9,2009,Texas,USA,North America,23,6,9,3,0.68,2495.0,1.1,0.583,81.2
C052,30.69,-99.9,2010,Texas,USA,North America,22,6,18,6,-0.03,704.0,-7.4,0.583,89.1
C052,30.69,-99.9,2011,Texas,USA,North America,20,3,11,3,-0.24,571.0,-4.0,0.583,100
C052,30.69,-99.9,2012,Texas,USA,North America,21,12,14,4,0.17,709.0,28.6,0.583,76.6
C052,30.69,-99.9,2013,Texas,USA,North America,24,7,31,8,0.33,2037.0,-3.7,0.583,79.3
C052,30.69,-99.9,2014,Texas,USA,North America,26,7,14,4,-0.14,1052.0,3.7,0.583,80.6
C052,30.69,-99.9,2015,Texas,USA,North America,32,6,15,5,0.53,2028.0,-11.0,0.583,97.7
C052,30.69,-99.9,2016,Texas,USA,North America,23,1,18,6,0.08,1012.0,24.1,0.583,94.8
C052,30.69,-99.9,2017,Texas,USA,North America,28,6,12,4,0.39,850.0,19.8,0.583,89.1
C052,30.69,-99.9,2018,Texas,USA,North America,29,7,18,6,-0.16,1432.0,9.1,0.583,78.0
C052,30.69,-99.9,2019,Texas,USA,North America,27,7,23,7,0.71,2137.0,-34.5,0.583,90.4
C052,30.69,-99.9,2020,Texas,USA,North America,25,8,21,7,-0.26,2272.0,-5.6,0.583,80.7
C052,30.69,-99.9,2021,Texas,USA,North America,27,11,24,8,0.48,2012.0,-0.1,0.583,100
C052,30.69,-99.9,2022,Texas,USA,North America,29,9,16,5,0.67,839.0,-12.5,0.583,100
C052,30.69,-99.9,2023,Texas,USA,North America,27,6,19,6,0.71,2038.0,-4.3,0.583,91.5
C060,36.47,-119.05,2000,California,USA,North America,22,6,18,6,0.11,2340.0,23.6,0.405,77.6
C060,36.47,-119.05,2001,California,USA,North America,25,9,23,7,-0.1,945.0,12.1,0.405,68.0
C060,36.47,-119.05,2002,California,USA,North America,18,5,19,6,-0.05,392.0,-11.1,0.405,84.9
C060,36.47,-119.05,2003,California,USA,North America,27,9,19,6,-0.11,1741.0,14.1,0.405,55.2
C060,36.47,-119.05,2004,California,USA,North America,17,9,22,5,0.18,2202.0,-31.6,0.405,66.8
C060,36.47,-119.05,2005,California,USA,North America,23,9,17,5,0.09,727.0,-17.2,0.405,78.7
C060,36.47,-119.05,2006,California,USA,North America,19,5,13,4,-0.12,1659.0,6.3,0.405,67.7
C060,36.47,-119.05,2007,California,USA,North America,26,6,23,7,-0.49,2194.0,5.1,0.405,62.5
C060,36.47,-119.05,2008,California,USA,North America,21,9,18,6,0.16,1996.0,4.9,0.405,79.3
C060,36.47,-119.05,2009,California,USA,North America,20,9,25,6,0.49,1298.0,7.7,0.405,60.8
C060,36.47,-119.05,2010,California,USA,North America,27,11,9,3,0.08,883.0,-2.0,0.405,63.4
C060,36.47,-119.05,2011,California,USA,North America,24,12,18,6,0.4,1813.0,-12.9,0.405,67.8
C060,36.47,-119.05,2012,California,USA,North America,24,7,25,8,0.03,1745.0,-25.1,0.405,69.4
C060,36.47,-119.05,2013,California,USA,North America,26,3,22,7,0.7,1993.0,-5.6,0.405,67.0
C060,36.47,-119.05,2014,California,USA,North America,26,12,12,4,0.21,1732.0,-0.0,0.405,84.3
C060,36.47,-119.05,2015,California,USA,North America,25,10,14,4,-0.07,2255.0,-5.5,0.405,57.0
C060,36.47,-119.05,2016,California,USA,North America,26,11,16,5,0.74,1977.0,8.2,0.405,86.0
C060,36.47,-119.05,2017,California,USA,North America,28,9,18,6,0.13,1703.0,10.3,0.405,73.8
C060,36.47,-119.05,2018,California,USA,North America,27,10,18,6,0.45,276.0,10.0,0.405,82.0
C060,36.47,-119.05,2019,California,USA,North America,20,10,11,3,0.77,1019.0,10.7,0.405,93.4
C060,36.47,-119.05,2020,California,USA,North America,28,5,11,3,0.05,1020.0,-4.5,0.405,74.8
C060,36.47,-119.05,2021,California,USA,North America,31,9,14,4,0.49,818.0,15.7,0.405,56.7
C060,36.47,-119.05,2022,California,USA,North America,27,4,8,2,0.69,1192.0,0.9,0.405,49.1
C060,36.47,-119.05,2023,California,USA,North America,28,3,18,6,-0.14,865.0,30.9,0.405,86.6
C061,36.02,-119.73,2000,California,USA,North America,15,6,16,5,-0.07,1598.0,8.2,0.298,68.5
C061,36.02,-119.73,2001,California,USA,North America,15,5,13,4,-0.17,420.0,-10.2,0.298,73.6
C061,36.02,-119.73,2002,California,USA,North America,18,2,5,1,0.54,1495.0,7.1,0.298,74.7
C061,36.02,-119.73,2003,California,USA,North America,14,3,27,4,0.61,1481.0,12.3,0.298,64.1
C061,36.02,-119.73,2004,California,USA,North America,17,7,12,4,0.5,493.0,-4.0,0.298,50.8
C061,36.02,-119.73,2005,California,USA,North America,16,13,19,5,0.19,1958.0,-8.4,0.298,59.7
C061,36.02,-119.73,2006,California,USA,North America,13,11,17,4,0.22,1347.0,6.5,0.298,78.4
C061,36.02,-119.73,2007,California,USA,North America,18,9,4,1,-0.36,1461.0,45.3,0.298,57.3
C061,36.02,-119.73,2008,California,USA,North America,18,4,14,4,0.25,1415.0,8.3,0.298,75.5
C061,36.02,-119.73,2009,California,USA,North America,15,9,9,3,0.0,2333.0,-7.1,0.298,62.2
C061,36.02,-119.73,2010,California,USA,North America,22,4,12,4,0.44,1493.0,-17.4,0.298,73.2
C061,36.02,-119.73,2011,California,USA,North America,20,7,33,6,-0.23,2185.0,-21.5,0.298,67.2
C061,36.02,-119.73,2012,California,USA,North America,16,8,19,5,0.41,1298.0,-2.1,0.298,70.5
C061,36.02,-119.73,2013,California,USA,North America,17,6,18,5,0.15,722.0,-9.3,0.298,67.0
C061,36.02,-119.73,2014,California,USA,North America,21,5,21,7,0.36,1807.0,-4.6,0.298,71.7
C061,36.02,-119.73,2015,California,USA,North America,20,8,18,6,0.03,761.0,14.0,0.298,71.1
C061,36.02,-119.73,2016,California,USA,North America,20,0,19,6,0.3,1341.0,-18.9,0.298,65.0
C061,36.02,-119.73,2017,California,USA,North America,14,11,13,4,0.16,2414.0,-1.9,0.298,63.7
C061,36.02,-119.73,2018,California,USA,North America,15,2,16,5,0.2,2128.0,28.3,0.298,68.1
C061,36.02,-119.73,2019,California,USA,North America,25,12,20,6,0.53,779.0,-23.0,0.298,63.4
C061,36.02,-119.73,2020,California,USA,North America,20,7,29,6,0.21,1043.0,15.0,0.298,66.2
C061,36.02,-119.73,2021,California,USA,North America,29,6,21,7,0.59,2447.0,-12.2,0.298,76.9
C061,36.02,-119.73,2022,California,USA,North America,27,5,22,7,0.05,2058.0,3.0,0.298,85.4
C061,36.02,-119.73,2023,California,USA,North America,23,9,21,7,-0.46,1946.0,-4.6,0.298,60.8
C062,36.76,-120.04,2000,California,USA,North America,21,2,28,7,0.19,2293.0,-9.4,-0.044,49.9
C062,36.76,-120.04,2001,California,USA,North America,21,4,15,5,-0.61,1266.0,9.8,-0.044,17.8
C062,36.76,-120.04,2002,California,USA,North America,20,9,10,3,-0.11,2409.0,16.3,-0.044,37.0
C062,36.76,-120.04,2003,California,USA,North America,23,5,14,4,-0.18,2421.0,-14.3,-0.044,23.0
C062,36.76,-120.04,2004,California,USA,North America,23,6,30,7,0.27,1827.0,-10.7,-0.044,31.3
C062,36.76,-120.04,2005,California,USA,North America,21,5,5,1,-0.26,825.0,19.6,-0.044,42.3
C062,36.76,-120.04,2006,California,USA,North America,26,3,23,7,0.49,999.0,10.5,-0.044,18.3
C062,36.76,-120.04,2007,California,USA,North America,23,8,12,4,-0.33,728.0,-16.8,-0.044,30.0
C062,36.76,-120.04,2008,California,USA,North America,27,8,23,7,0.11,1957.0,51.9,-0.044,22.5
C062,36.76,-120.04,2009,California,USA,North America,27,7,23,7,0.37,2336.0,0.3,-0.044,50.9
C062,36.76,-120.04,2010,California,USA,North America,12,5,10,3,0.44,1883.0,-3.8,-0.044,41.1
C062,36.76,-120.04,2011,California,USA,North America,17,5,24,5,0.57,1571.0,14.0,-0.044,36.5
C062,36.76,-120.04,2012,California,USA,North America,25,5,28,8,0.27,2367.0,-13.8,-0.044,40.6
C062,36.76,-120.04,2013,California,USA,North America,20,5,17,5,-0.26,1005.0,7.2,-0.044,32.3
C062,36.76,-120.04,2014,California,USA,North America,21,10,17,5,0.19,337.0,20.1,-0.044,37.1
C062,36.76,-120.04,2015,California,USA,North America,13,9,15,4,0.18,1102.0,20.8,-0.044,36.2
C062,36.76,-120.04,2016,California,USA,North America,18,10,20,6,0.12,1862.0,16.5,-0.044,54.2
C062,36.76,-120.04,2017,California,USA,North America,29,3,30,9,0.7,2260.0,1.6,-0.044,45.4
C062,36.76,-120.04,2018,California,USA,North America,18,6,19,6,0.24,1515.0,8.4,-0.044,34.4
C062,36.76,-120.04,2019,California,USA,North America,19,6,23,6,0.94,1335.0,14.5,-0.044,41.8
C062,36.76,-120.04,2020,California,USA,North America,21,9,15,5,0.2,2131.0,-13.9,-0.044,31.3
C062,36.76,-120.04,2021,California,USA,North America,17,5,21,5,0.71,1412.0,-23.1,-0.044,36.8
C062,36.76,-120.04,2022,California,USA,North America,20,8,25,6,0.35,2389.0,7.7,-0.044,42.7
C062,36.76,-120.04,2023,California,USA,North America,20,7,22,6,0.25,2490.0,16.4,-0.044,45.7
C070,-4.18,-62.84,2000,Amazon,Brazil,South America,22,7,13,4,0.02,1334.0,17.4,0.291,60.9
C070,-4.18,-62.84,2001,Amazon,Brazil,South America,25,1,12,4,-0.04,2477.0,-15.8,0.291,62.7
C070,-4.18,-62.84,2002,Amazon,Brazil,South America,30,9,19,6,-0.26,626.0,-2.6,0.291,57.0
C070,-4.18,-62.84,2003,Amazon,Brazil,South America,24,9,7,2,-0.01,1484.0,5.6,0.291,69.6
C070,-4.18,-62.84,2004,Amazon,Brazil,South America,26,11,24,8,-0.02,2177.0,2.8,0.291,64.5
C070,-4.18,-62.84,2005,Amazon,Brazil,South America,24,7,11,3,0.52,416.0,11.2,0.291,56.1
C070,-4.18,-62.84,2006,Amazon,Brazil,South America,26,7,24,8,0.29,287.0,-8.5,0.291,56.7
C070,-4.18,-62.84,2007,Amazon,Brazil,South America,24,15,19,6,-0.05,1085.0,-2.1,0.291,68.1
C070,-4.18,-62.84,2008,Amazon,Brazil,South America,31,6,15,5,-0.15,680.0,-7.7,0.291,57.8
C070,-4.18,-62.84,2009,Amazon,Brazil,South America,33,4,20,6,0.14,881.0,10.9,0.291,54.7
C070,-4.18,-62.84,2010,Amazon,Brazil,South America,23,6,18,6,0.52,392.0,38.7,0.291,68.3
C070,-4.18,-62.84,2011,Amazon,Brazil,South America,27,3,18,6,0.46,2315.0,21.5,0.291,62.7
C070,-4.18,-62.84,2012,Amazon,Brazil,South America,31,6,22,7,-0.16,709.0,2.2,0.291,62.5
C070,-4.18,-62.84,2013,Amazon,Brazil,South America,28,11,22,7,0.15,452.0,-3.8,0.291,48.6
C070,-4.18,-62.84,2014,Amazon,Brazil,South America,32,11,13,4,0.48,2364.0,20.4,0.291,39.4
C070,-4.18,-62.84,2015,Amazon,Brazil,South America,28,5,15,5,0.42,356.0,-8.8,0.291,62.8
C070,-4.18,-62.84,2016,Amazon,Brazil,South America,27,6,5,1,0.31,1270.0,11.3,0.291,59.4
C070,-4.18,-62.84,2017,Amazon,Brazil,South America,33,11,10,3,0.52,1531.0,-13.1,0.291,67.0
C070,-4.18,-62.84,2018,Amazon,Brazil,South America,32,17,20,6,0.68,2252.0,17.3,0.291,37.2
C070,-4.18,-62.84,2019,Amazon,Brazil,South America,28,6,20,6,0.3,2367.0,-21.5,0.291,68.1
C070,-4.18,-62.84,2020,Amazon,Brazil,South America,33,5,23,7,-0.12,1371.0,9.6,0.291,59.3
C070,-4.18,-62.84,2021,Amazon,Brazil,South America,33,11,21,7,0.14,269.0,-9.7,0.291,66.3
C070,-4.18,-62.84,2022,Amazon,Brazil,South America,33,8,14,4,0.26,2032.0,3.8,0.291,76.6
C070,-4.18,-62.84,2023,Amazon,Brazil,South America,31,10,25,8,0.86,848.0,-11.0,0.291,49.8
C071,-3.29,-61.88,2000,Amazon,Brazil,South America,9,4,16,3,-0.13,332.0,-7.8,-0.032,30.6
C071,-3.29,-61.88,2001,Amazon,Brazil,South America,11,7,9,3,0.1,1485.0,8.9,-0.032,62.2
C071,-3.29,-61.88,2002,Amazon,Brazil,South America,7,14,20,2,0.01,2079.0,3.2,-0.032,35.8
C071,-3.29,-61.88,2003,Amazon,Brazil,South America,11,7,9,3,0.52,585.0,38.8,-0.032,41.9
C071,-3.29,-61.88,2004,Amazon,Brazil,South America,13,8,10,3,-0.05,2100.0,1.3,-0.032,35.4
C071,-3.29,-61.88,2005,Amazon,Brazil,South America,4,3,13,1,0.2,1521.0,14.7,-0.032,38.5
C071,-3.29,-61.88,2006,Amazon,Brazil,South America,6,8,6,2,-0.17,1286.0,-9.4,-0.032,35.8
C071,-3.29,-61.88,2007,Amazon,Brazil,South America,12,8,16,4,0.56,431.0,-17.3,-0.032,41.0
C071,-3.29,-61.88,2008,Amazon,Brazil,South America,8,7,19,2,0.05,2312.0,11.9,-0.032,18.0
C071,-3.29,-61.88,2009,Amazon,Brazil,South America,9,7,11,3,0.49,962.0,-16.2,-0.032,20.4
C071,-3.29,-61.88,2010,Amazon,Brazil,South America,9,10,20,3,0.01,388.0,-0.2,-0.032,29.1
C071,-3.29,-61.88,2011,Amazon,Brazil,South America,7,7,7,2,0.0,1222.0,-16.9,-0.032,50.4
C071,-3.29,-61.88,2012,Amazon,Brazil,South America,5,7,21,1,0.64,2107.0,12.9,-0.032,37.5
C071,-3.29,-61.88,2013,Amazon,Brazil,South America,7,6,19,2,0.13,761.0,-7.9,-0.032,38.9
C071,-3.29,-61.88,2014,Amazon,Brazil,South America,11,6,11,3,0.54,1919.0,-20.8,-0.032,33.5
C071,-3.29,-61.88,2015,Amazon,Brazil,South America,7,5,17,2,0.45,1724.0,-26.8,-0.032,54.6
C071,-3.29,-61.88,2016,Amazon,Brazil,South America,7,13,14,2,0.38,1098.0,-15.6,-0.032,26.7
C071,-3.29,-61.88,2017,Amazon,Brazil,South America,7,9,22,2,0.67,1764.0,14.1,-0.032,30.7
C071,-3.29,-61.88,2018,Amazon,Brazil,South America,5,12,12,1,-0.0,348.0,6.7,-0.032,28.5
C071,-3.29,-61.88,2019,Amazon,Brazil,South America,7,6,20,2,0.38,373.0,25.4,-0.032,47.8
C071,-3.29,-61.88,2020,Amazon,Brazil,South America,7,7,25,2,0.4,1768.0,-7.4,-0.032,29.5
C071,-3.29,-61.88,2021,Amazon,Brazil,South America,11,1,14,3,0.57,1172.0,8.7,-0.032,27.2
C071,-3.29,-61.88,2022,Amazon,Brazil,South America,8,8,17,2,0.3,1964.0,-8.4,-0.032,33.4
C071,-3.29,-61.88,2023,Amazon,Brazil,South America,12,9,28,4,1.17,1382.0,-12.6,-0.032,53.4
C072,-3.16,-61.88,2000,Amazon,Brazil,South America,10,8,23,3,-0.02,255.0,4.3,0.217,61.1
C072,-3.16,-61.88,2001,Amazon,Brazil,South America,9,12,22,3,-0.15,1348.0,7.0,0.217,54.8
C072,-3.16,-61.88,2002,Amazon,Brazil,South America,12,5,16,4,0.55,602.0,-14.0,0.217,51.3
C072,-3.16,-61.88,2003,Amazon,Brazil,South America,15,12,17,5,0.33,1665.0,-0.8,0.217,61.8
C072,-3.16,-61.88,2004,Amazon,Brazil,South America,8,10,18,2,-0.27,2321.0,18.0,0.217,71.7
C072,-3.16,-61.88,2005,Amazon,Brazil,South America,18,7,15,5,0.23,1957.0,-19.9,0.217,62.6
C072,-3.16,-61.88,2006,Amazon,Brazil,South America,16,12,3,1,0.6,218.0,-4.6,0.217,68.2
C072,-3.16,-61.88,2007,Amazon,Brazil,South America,9,9,23,3,0.09,2355.0,-26.2,0.217,55.2
C072,-3.16,-61.88,2008,Amazon,Brazil,South America,9,6,13,3,-0.31,1849.0,-4.7,0.217,57.5
C072,-3.16,-61.88,2009,Amazon,Brazil,South America,14,1,18,4,0.22,1193.0,-1.3,0.217,46.4
C072,-3.16,-61.88,2010,Amazon,Brazil,South America,13,2,10,3,-0.03,1681.0,-7.0,0.217,62.2
C072,-3.16,-61.88,2011,Amazon,Brazil,South America,13,6,20,4,-0.1,1901.0,7.2,0.217,37.2
C072,-3.16,-61.88,2012,Amazon,Brazil,South America,13,5,23,4,-0.28,1676.0,13.8,0.217,84.8
C072,-3.16,-61.88,2013,Amazon,Brazil,South America,12,5,13,4,0.78,1717.0,-23.0,0.217,72.8
C072,-3.16,-61.88,2014,Amazon,Brazil,South America,16,7,21,5,-0.07,901.0,7.0,0.217,42.5
C072,-3.16,-61.88,2015,Amazon,Brazil,South America,14,6,26,4,0.13,1926.0,9.1,0.217,48.1
C072,-3.16,-61.88,2016,Amazon,Brazil,South America,15,2,26,5,0.25,342.0,0.5,0.217,64.0
C072,-3.16,-61.88,2017,Amazon,Brazil,South America,14,10,2,0,-0.13,389.0,18.2,0.217,54.0
C072,-3.16,-61.88,2018,Amazon,Brazil,South America,14,2,12,4,0.73,1911.0,-16.3,0.217,77.3
C072,-3.16,-61.88,2019,Amazon,Brazil,South America,13,7,22,4,0.15,2402.0,26.9,0.217,64.2
C072,-3.16,-61.88,2020,Amazon,Brazil,South America,10,7,7,2,0.43,1185.0,-29.9,0.217,63.0
C072,-3.16,-61.88,2021,Amazon,Brazil,South America,14,6,13,4,0.4,641.0,2.2,0.217,62.0
C072,-3.16,-61.88,2022,Amazon,Brazil,South America,15,10,19,5,0.92,413.0,2.5,0.217,82.8
C072,-3.16,-61.88,2023,Amazon,Brazil,South America,12,7,20,4,0.41,902.0,10.0,0.217,65.2
C080,37.33,-3.97,2000,Andalusia,Spain,Europe,15,7,8,2,0.3,1885.0,-6.1,0.498,82.3
C080,37.33,-3.97,2001,Andalusia,Spain,Europe,15,6,5,1,0.34,1582.0,-3.4,0.498,88.4
C080,37.33,-3.97,2002,Andalusia,Spain,Europe,19,7,20,6,0.13,423.0,-5.0,0.498,89.6
C080,37.33,-3.97,2003,Andalusia,Spain,Europe,21,6,22,7,0.01,2438.0,13.2,0.498,83.5
C080,37.33,-3.97,2004,Andalusia,Spain,Europe,20,6,7,2,0.18,1766.0,-19.1,0.498,79.9
C080,37.33,-3.97,2005,Andalusia,Spain,Europe,21,7,29,7,0.51,672.0,-19.2,0.498,71.1
C080,37.33,-3.97,2006,Andalusia,Spain,Europe,21,8,24,7,-0.39,505.0,0.4,0.498,75.9
C080,37.33,-3.97,2007,Andalusia,Spain,Europe,20,4,14,4,0.35,1029.0,14.0,0.498,75.6
C080,37.33,-3.97,2008,Andalusia,Spain,Europe,21,8,24,7,0.11,1149.0,7.1,0.498,65.0
C080,37.33,-3.97,2009,Andalusia,Spain,Europe,24,14,16,5,0.94,1285.0,17.6,0.498,83.5
C080,37.33,-3.97,2010,Andalusia,Spain,Europe,21,8,5,1,0.41,1799.0,8.2,0.498,78.2
C080,37.33,-3.97,2011,Andalusia,Spain,Europe,28,7,24,8,0.38,1552.0,-17.6,0.498,93.1
C080,37.33,-3.97,2012,Andalusia,Spain,Europe,24,6,17,5,0.28,1708.0,-17.7,0.498,94.6
C080,37.33,-3.97,2013,Andalusia,Spain,Europe,23,8,20,6,-0.03,1321.0,5.0,0.498,84.4
C080,37.33,-3.97,2014,Andalusia,Spain,Europe,26,6,20,6,-0.34,531.0,-18.6,0.498,66.9
C080,37.33,-3.97,2015,Andalusia,Spain,Europe,29,5,28,9,0.09,2158.0,5.6,0.498,89.2
C080,37.33,-3.97,2016,Andalusia,Spain,Europe,26,6,16,5,0.63,694.0,12.5,0.498,77.1
C080,37.33,-3.97,2017,Andalusia,Spain,Europe,29,5,20,6,0.09,1216.0,-10.2,0.498,93.3
C080,37.33,-3.97,2018,Andalusia,Spain,Europe,28,12,23,7,0.41,2483.0,-17.4,0.498,72.7
C080,37.33,-3.97,2019,Andalusia,Spain,Europe,29,7,24,8,0.31,1117.0,-18.3,0.498,82.9
C080,37.33,-3.97,2020,Andalusia,Spain,Europe,27,10,28,9,0.78,2314.0,32.7,0.498,61.9
C080,37.33,-3.97,2021,Andalusia,Spain,Europe,33,6,19,6,0.68,669.0,21.6,0.498,63.6
C080,37.33,-3.97,2022,Andalusia,Spain,Europe,28,11,15,5,-0.16,1613.0,15.3,0.498,84.0
C080,37.33,-3.97,2023,Andalusia,Spain,Europe,30,12,14,4,0.53,1173.0,10.6,0.498,78.6
C081,38.28,-5.15,2000,Andalusia,Spain,Europe,13,0,17,4,0.16,2038.0,-17.3,0.282,62.8
C081,38.28,-5.15,2001,Andalusia,Spain,Europe,15,11,10,3,0.03,1456.0,-14.4,0.282,50.1
C081,38.28,-5.15,2002,Andalusia,Spain,Europe,18,6,6,2,0.29,2301.0,2.7,0.282,58.4
C081,38.28,-5.15,2003,Andalusia,Spain,Europe,21,6,16,5,0.05,1761.0,21.4,0.282,74.7
C081,38.28,-5.15,2004,Andalusia,Spain,Europe,20,9,12,4,-0.26,1061.0,-2.4,0.282,58.9
C081,38.28,-5.15,2005,Andalusia,Spain,Europe,22,3,12,4,-0.1,1991.0,13.8,0.282,58.4
C081,38.28,-5.15,2006,Andalusia,Spain,Europe,17,7,11,3,-0.06,444.0,-4.9,0.282,81.1
C081,38.28,-5.15,2007,Andalusia,Spain,Europe,18,12,28,6,0.56,1884.0,30.2,0.282,67.1
C081,38.28,-5.15,2008,Andalusia,Spain,Europe,18,9,0,0,0.5,1192.0,-7.0,0.282,60.5
C081,38.28,-5.15,2009,Andalusia,Spain,Europe,19,7,27,6,0.77,1361.0,-21.3,0.282,43.2
C081,38.28,-5.15,2010,Andalusia,Spain,Europe,22,10,6,2,-0.05,1474.0,1.2,0.282,49.2
C081,38.28,-5.15,2011,Andalusia,Spain,Europe,19,2,27,6,-0.04,689.0,-15.5,0.282,58.5
C081,38.28,-5.15,2012,Andalusia,Spain,Europe,17,11,1,0,0.08,2258.0,-6.9,0.282,44.3
C081,38.28,-5.15,2013,Andalusia,Spain,Europe,19,14,24,6,0.32,945.0,10.3,0.282,44.0
C081,38.28,-5.15,2014,Andalusia,Spain,Europe,23,2,17,5,0.51,2232.0,-29.5,0.282,66.6
C081,38.28,-5.15,2015,Andalusia,Spain,Europe,19,7,25,6,0.64,2433.0,31.4,0.282,53.0
C081,38.28,-5.15,2016,Andalusia,Spain,Europe,20,5,9,3,0.82,1365.0,-18.6,0.282,62.6
C081,38.28,-5.15,2017,Andalusia,Spain,Europe,24,3,24,8,-0.07,437.0,-14.0,0.282,75.4
C081,38.28,-5.15,2018,Andalusia,Spain,Europe,21,6,26,7,0.86,2474.0,6.0,0.282,69.6
C081,38.28,-5.15,2019,Andalusia,Spain,Europe,17,8,15,5,0.54,872.0,-17.9,0.282,66.9
C081,38.28,-5.15,2020,Andalusia,Spain,Europe,20,8,19,6,0.66,542.0,4.2,0.282,70.6
C081,38.28,-5.15,2021,Andalusia,Spain,Europe,22,9,10,3,-0.02,1548.0,10.4,0.282,47.5
C081,38.28,-5.15,2022,Andalusia,Spain,Europe,25,13,17,5,0.52,2069.0,4.9,0.282,49.3
C081,38.28,-5.15,2023,Andalusia,Spain,Europe,24,13,2,0,0.24,1246.0,8.6,0.282,68.3
C082,37.17,-5.5,2000,Andalusia,Spain,Europe,16,8,14,4,0.42,214.0,19.6,0.075,39.8
C082,37.17,-5.5,2001,Andalusia,Spain,Europe,16,6,2,0,-0.08,452.0,7.5,0.075,48.7
C082,37.17,-5.5,2002,Andalusia,Spain,Europe,15,9,18,5,0.07,1212.0,-7.0,0.075,55.9
C082,37.17,-5.5,2003,Andalusia,Spain,Europe,10,7,1,0,-0.32,2373.0,14.7,0.075,38.8
C082,37.17,-5.5,2004,Andalusia,Spain,Europe,15,11,8,2,0.1,2361.0,-16.9,0.075,25.5
C082,37.17,-5.5,2005,Andalusia,Spain,Europe,17,11,15,5,0.16,210.0,-6.6,0.075,50.7
C082,37.17,-5.5,2006,Andalusia,Spain,Europe,15,8,20,5,0.16,1868.0,-23.9,0.075,47.8
C082,37.17,-5.5,2007,Andalusia,Spain,Europe,18,6,12,4,0.04,1008.0,-0.3,0.075,28.5
C082,37.17,-5.5,2008,Andalusia,Spain,Europe,16,9,10,3,0.24,1613.0,7.5,0.075,40.4
C082,37.17,-5.5,2009,Andalusia,Spain,Europe,16,8,14,4,0.45,481.0,7.0,0.075,37.8
C082,37.17,-5.5,2010,Andalusia,Spain,Europe,15,10,23,5,-0.08,2062.0,6.4,0.075,50.3
C082,37.17,-5.5,2011,Andalusia,Spain,Europe,13,9,19,4,0.37,383.0,7.8,0.075,48.6
C082,37.17,-5.5,2012,Andalusia,Spain,Europe,16,10,0,0,-0.42,1519.0,-14.7,0.075,47.3
C082,37.17,-5.5,2013,Andalusia,Spain,Europe,19,10,9,3,0.38,1108.0,3.2,0.075,54.8
C082,37.17,-5.5,2014,Andalusia,Spain,Europe,17,9,21,5,0.22,1575.0,13.6,0.075,41.5
C082,37.17,-5.5,2015,Andalusia,Spain,Europe,15,9,27,5,0.81,1282.0,-2.0,0.075,48.7
C082,37.17,-5.5,2016,Andalusia,Spain,Europe,15,6,8,2,0.32,2046.0,7.3,0.075,40.0
C082,37.17,-5.5,2017,Andalusia,Spain,Europe,17,9,16,5,0.59,652.0,11.2,0.075,53.2
C082,37.17,-5.5,2018,Andalusia,Spain,Europe,14,8,19,4,0.24,1094.0,-11.3,0.075,52.6
C082,37.17,-5.5,2019,Andalusia,Spain,Europe,13,5,11,3,0.09,414.0,17.8,0.075,43.4
C082,37.17,-5.5,2020,Andalusia,Spain,Europe,16,5,8,2,0.49,931.0,-28.5,0.075,38.9
C082,37.17,-5.5,2021,Andalusia,Spain,Europe,12,7,14,4,-0.22,799.0,24.3,0.075,43.4
C082,37.17,-5.5,2022,Andalusia,Spain,Europe,15,9,19,5,0.75,1825.0,-4.1,0.075,47.9
C082,37.17,-5.5,2023,Andalusia,Spain,Europe,22,11,30,7,0.77,2302.0,-16.9,0.075,36.6
C090,-31.29,147.67,2000,NSW,Australia,Oceania,8,10,12,2,-0.28,2494.0,9.3,0.069,47.4
C090,-31.29,147.67,2001,NSW,Australia,Oceania,14,10,32,4,-0.33,1973.0,-30.3,0.069,56.5
C090,-31.29,147.67,2002,NSW,Australia,Oceania,11,11,14,3,-0.23,1827.0,12.0,0.069,40.9
C090,-31.29,147.67,2003,NSW,Australia,Oceania,13,6,21,4,-0.13,1021.0,6.4,0.069,44.4
C090,-31.29,147.67,2004,NSW,Australia,Oceania,5,7,12,1,0.24,1253.0,-6.0,0.069,38.8
C090,-31.29,147.67,2005,NSW,Australia,Oceania,19,5,17,5,-0.26,1175.0,1.2,0.069,54.8
C090,-31.29,147.67,2006,NSW,Australia,Oceania,10,8,15,3,0.11,2055.0,1.5,0.069,28.0
C090,-31.29,147.67,2007,NSW,Australia,Oceania,15,9,17,5,0.52,2414.0,-17.8,0.069,60.3
C090,-31.29,147.67,2008,NSW,Australia,Oceania,17,9,12,4,0.34,1722.0,19.6,0.069,26.2
C090,-31.29,147.67,2009,NSW,Australia,Oceania,10,9,14,3,0.21,1481.0,-1.6,0.069,23.1
C090,-31.29,147.67,2010,NSW,Australia,Oceania,14,11,18,4,0.01,842.0,-19.6,0.069,53.0
C090,-31.29,147.67,2011,NSW,Australia,Oceania,15,5,5,1,-0.25,2389.0,7.1,0.069,36.3
C090,-31.29,147.67,2012,NSW,Australia,Oceania,12,4,11,3,0.21,2483.0,0.0,0.069,33.0
C090,-31.29,147.67,2013,NSW,Australia,Oceania,16,8,19,5,0.16,2234.0,-5.9,0.069,47.1
C090,-31.29,147.67,2014,NSW,Australia,Oceania,8,8,24,2,0.39,1786.0,-11.5,0.069,48.8
C090,-31.29,147.67,2015,NSW,Australia,Oceania,11,5,27,3,0.73,2164.0,-32.9,0.069,40.8
C090,-31.29,147.67,2016,NSW,Australia,Oceania,13,7,26,4,0.16,548.0,24.8,0.069,47.8
C090,-31.29,147.67,2017,NSW,Australia,Oceania,13,9,14,4,0.01,2099.0,-13.1,0.069,39.0
C090,-31.29,147.67,2018,NSW,Australia,Oceania,9,16,20,3,0.33,2480.0,0.7,0.069,37.9
C090,-31.29,147.67,2019,NSW,Australia,Oceania,15,3,10,3,-0.06,895.0,7.9,0.069,33.7
C090,-31.29,147.67,2020,NSW,Australia,Oceania,8,13,26,2,0.58,2138.0,27.5,0.069,53.1
C090,-31.29,147.67,2021,NSW,Australia,Oceania,10,7,15,3,0.9,531.0,-14.3,0.069,46.4
C090,-31.29,147.67,2022,NSW,Australia,Oceania,12,7,18,4,0.43,1638.0,-7.1,0.069,42.6
C090,-31.29,147.67,2023,NSW,Australia,Oceania,13,10,29,4,-0.34,1561.0,3.1,0.069,36.1
C091,-31.19,147.89,2000,NSW,Australia,Oceania,27,8,15,5,0.45,2427.0,-34.9,0.303,55.6
C091,-31.19,147.89,2001,NSW,Australia,Oceania,28,10,18,6,-0.19,1870.0,2.7,0.303,69.9
C091,-31.19,147.89,2002,NSW,Australia,Oceania,26,8,13,4,0.26,2241.0,-12.3,0.303,45.9
C091,-31.19,147.89,2003,NSW,Australia,Oceania,23,10,17,5,0.46,1348.0,10.0,0.303,71.4
C091,-31.19,147.89,2004,NSW,Australia,Oceania,26,10,24,8,-0.19,1136.0,16.6,0.303,91.8
C091,-31.19,147.89,2005,NSW,Australia,Oceania,21,10,18,6,0.47,299.0,-0.7,0.303,64.0
C091,-31.19,147.89,2006,NSW,Australia,Oceania,24,7,14,4,0.49,1604.0,8.1,0.303,76.4
C091,-31.19,147.89,2007,NSW,Australia,Oceania,25,6,5,1,0.1,538.0,4.1,0.303,60.9
C091,-31.19,147.89,2008,NSW,Australia,Oceania,21,9,17,5,-0.07,1218.0,-4.0,0.303,62.9
C091,-31.19,147.89,2009,NSW,Australia,Oceania,31,7,24,8,-0.3,2008.0,1.7,0.303,80.8
C091,-31.19,147.89,2010,NSW,Australia,Oceania,29,2,23,7,-0.13,1847.0,2.7,0.303,83.4
C091,-31.19,147.89,2011,NSW,Australia,Oceania,32,4,19,6,-0.09,1755.0,1.4,0.303,61.3
C091,-31.19,147.89,2012,NSW,Australia,Oceania,27,9,19,6,0.32,1158.0,-13.1,0.303,68.6
C091,-31.19,147.89,2013,NSW,Australia,Oceania,22,9,21,7,0.33,1812.0,-26.1,0.303,72.1
C091,-31.19,147.89,2014,NSW,Australia,Oceania,24,7,11,3,0.25,1061.0,14.3,0.303,62.4
C091,-31.19,147.89,2015,NSW,Australia,Oceania,33,6,3,1,0.26,919.0,13.1,0.303,81.6
C091,-31.19,147.89,2016,NSW,Australia,Oceania,26,4,20,6,0.29,722.0,-0.4,0.303,74.7
C091,-31.19,147.89,2017,NSW,Australia,Oceania,29,12,27,9,-0.2,993.0,13.7,0.303,59.3
C091,-31.19,147.89,2018,NSW,Australia,Oceania,35,10,26,8,0.93,1716.0,-13.4,0.303,50.3
C091,-31.19,147.89,2019,NSW,Australia,Oceania,31,6,31,10,0.25,1179.0,-7.8,0.303,79.7
C091,-31.19,147.89,2020,NSW,Australia,Oceania,29,11,24,8,0.33,1530.0,6.4,0.303,81.0
C091,-31.19,147.89,2021,NSW,Australia,Oceania,33,10,19,6,1.04,1847.0,17.1,0.303,51.9
C091,-31.19,147.89,2022,NSW,Australia,Oceania,30,8,18,6,0.59,359.0,9.6,0.303,61.8
C091,-31.19,147.89,2023,NSW,Australia,Oceania,28,5,16,5,0.16,686.0,22.2,0.303,81.8
C092,-31.16,146.77,2000,NSW,Australia,Oceania,20,2,21,6,-0.46,1274.0,-6.2,0.578,86.7
C092,-31.16,146.77,2001,NSW,Australia,Oceania,21,1,29,7,-0.19,1257.0,0.5,0.578,76.4
C092,-31.16,146.77,2002,NSW,Australia,Oceania,23,6,19,6,0.11,845.0,7.6,0.578,96.8
C092,-31.16,146.77,2003,NSW,Australia,Oceania,22,4,18,6,-0.03,223.0,-8.2,0.578,100
C092,-31.16,146.77,2004,NSW,Australia,Oceania,23,8,12,4,0.7,856.0,6.0,0.578,93.6
C092,-31.16,146.77,2005,NSW,Australia,Oceania,18,7,10,3,-0.42,1232.0,2.4,0.578,92.6
C092,-31.16,146.77,2006,NSW,Australia,Oceania,28,9,13,4,0.37,1081.0,14.5,0.578,89.0
C092,-31.16,146.77,2007,NSW,Australia,Oceania,26,9,19,6,0.02,1795.0,-13.4,0.578,88.5
C092,-31.16,146.77,2008,NSW,Australia,Oceania,29,7,20,6,0.06,1451.0,1.4,0.578,100
C092,-31.16,146.77,2009,NSW,Australia,Oceania,28,8,23,7,0.06,1267.0,-20.8,0.578,100
C092,-31.16,146.77,2010,NSW,Australia,Oceania,30,7,13,4,0.21,1178.0,7.4,0.578,98.1
C092,-31.16,146.77,2011,NSW,Australia,Oceania,22,12,12,4,-0.26,1805.0,0.7,0.578,97.7
C092,-31.16,146.77,2012,NSW,Australia,Oceania,26,10,27,8,0.52,2422.0,8.2,0.578,84.2
C092,-31.16,146.77,2013,NSW,Australia,Oceania,31,9,22,7,-0.07,1680.0,3.8,0.578,86.9
C092,-31.16,146.77,2014,NSW,Australia,Oceania,32,6,11,3,0.37,1187.0,-5.8,0.578,88.9
C092,-31.16,146.77,2015,NSW,Australia,Oceania,29,10,23,7,0.5,1728.0,20.9,0.578,76.9
C092,-31.16,146.77,2016,NSW,Australia,Oceania,30,5,15,5,0.2,920.0,-7.5,0.578,98.6
C092,-31.16,146.77,2017,NSW,Australia,Oceania,31,7,20,6,0.66,1864.0,5.7,0.578,80.3
C092,-31.16,146.77,2018,NSW,Australia,Oceania,38,8,23,7,0.56,780.0,14.8,0.578,98.2
C092,-31.16,146.77,2019,NSW,Australia,Oceania,29,7,11,3,0.92,2190.0,27.2,0.578,92.4
C092,-31.16,146.77,2020,NSW,Australia,Oceania,33,9,10,3,0.45,1456.0,32.4,0.578,100
C092,-31.16,146.77,2021,NSW,Australia,Oceania,33,3,39,11,0.24,1555.0,-19.7,0.578,91.9
C092,-31.16,146.77,2022,NSW,Australia,Oceania,33,7,17,5,0.11,1579.0,3.0,0.578,88.5
C092,-31.16,146.77,2023,NSW,Australia,Oceania,31,7,25,8,-0.28,1516.0,10.2,0.578,82.6
