station_id,station_name,lat,lon,elevation_m,region_name,country,continent,year,days_present_pct,hot_days,heatwave_count,heatwave_days,heatwave_max_intensity,cold_days,coldsnap_count,coldsnap_days,heavy_rain_days,max_daily_prcp_mm,prcp_total_mm,dry_spell_count,dry_spell_days,longest_dry_spell,compound_event_count,compound_days,tmax_anomaly_mean
MOCK0001,Delhi Safdarjung,28.58,77.21,216,North India,India,Asia,1991,97.2,7,1,4,3.7,25,2,9,2,29.1,617.4,2,102,85,0,0,-1.13
MOCK0001,Delhi Safdarjung,28.58,77.21,216,North India,India,Asia,1992,97.5,14,1,8,4.9,18,1,4,3,45.3,763.7,4,123,66,1,3,-0.63
MOCK0001,Delhi Safdarjung,28.58,77.21,216,North India,India,Asia,1993,98.8,7,1,3,1.8,18,1,8,3,52.5,825.8,4,151,58,1,3,0.36
MOCK0001,Delhi Safdarjung,28.58,77.21,216,North India,India,Asia,1994,95.0,9,0,0,,28,2,8,3,45.6,788.5,6,184,65,0,0,-0.03
MOCK0001,Delhi Safdarjung,28.58,77.21,216,North India,India,Asia,1995,98.6,16,2,10,3.5,24,2,7,6,42.2,659.0,3,149,78,1,4,-0.04
MOCK0001,Delhi Safdarjung,28.58,77.21,216,North India,India,Asia,1996,95.5,14,2,9,3.6,21,3,11,2,46.2,818.0,2,74,63,1,2,-0.41
MOCK0001,Delhi Safdarjung,28.58,77.21,216,North India,India,Asia,1997,96.7,15,1,8,4.5,24,3,10,4,78.8,740.4,7,209,62,1,6,0.06
MOCK0001,Delhi Safdarjung,28.58,77.21,216,North India,India,Asia,1998,96.7,14,2,8,2.3,19,1,6,3,38.6,617.6,7,235,92,1,4,-0.47
MOCK0001,Delhi Safdarjung,28.58,77.21,216,North India,India,Asia,1999,100.0,15,2,8,2.6,37,6,20,4,65.7,748.7,5,122,41,1,3,-0.27
MOCK0001,Delhi Safdarjung,28.58,77.21,216,North India,India,Asia,2000,98.9,16,2,9,3.8,19,2,8,4,60.7,696.1,9,279,73,2,7,-0.35
MOCK0001,Delhi Safdarjung,28.58,77.21,216,North India,India,Asia,2001,96.2,15,2,7,2.1,22,3,13,1,57.5,748.9,6,187,71,1,3,-0.29
MOCK0001,Delhi Safdarjung,28.58,77.21,216,North India,India,Asia,2002,95.4,18,3,12,4.0,17,1,9,3,39.4,772.9,6,236,53,2,6,0.13
MOCK0001,Delhi Safdarjung,28.58,77.21,216,North India,India,Asia,2003,99.6,15,1,4,4.1,20,2,7,4,47.5,856.0,5,200,90,1,2,0.33
MOCK0001,Delhi Safdarjung,28.58,77.21,216,North India,India,Asia,2004,98.8,16,2,9,2.8,18,1,8,6,72.6,607.9,4,143,63,1,5,0.01
MOCK0001,Delhi Safdarjung,28.58,77.21,216,North India,India,Asia,2005,96.7,17,2,11,3.0,17,1,10,3,69.0,745.3,3,124,79,1,3,0.29
MOCK0001,Delhi Safdarjung,28.58,77.21,216,North India,India,Asia,2006,99.9,22,3,11,3.8,16,2,7,5,79.6,1006.7,5,191,77,2,6,0.1
MOCK0001,Delhi Safdarjung,28.58,77.21,216,North India,India,Asia,2007,96.4,11,1,4,3.1,21,1,11,1,110.9,1043.4,4,116,56,1,1,-0.46
MOCK0001,Delhi Safdarjung,28.58,77.21,216,North India,India,Asia,2008,96.3,19,1,7,4.7,23,2,11,4,105.5,917.1,3,114,68,1,4,0.56
MOCK0001,Delhi Safdarjung,28.58,77.21,216,North India,India,Asia,2009,97.5,15,1,9,4.4,16,2,6,2,100.1,976.7,5,187,72,1,5,-0.27
MOCK0001,Delhi Safdarjung,28.58,77.21,216,North India,India,Asia,2010,96.7,19,2,8,2.2,18,1,4,8,101.2,1215.9,5,170,49,1,2,0.1
MOCK0001,Delhi Safdarjung,28.58,77.21,216,North India,India,Asia,2011,97.6,37,3,19,3.8,9,1,4,5,50.2,605.8,4,145,65,2,6,0.42
MOCK0001,Delhi Safdarjung,28.58,77.21,216,North India,India,Asia,2012,98.9,22,2,7,2.4,16,2,10,4,47.5,699.8,6,213,76,1,5,-0.14
MOCK0001,Delhi Safdarjung,28.58,77.21,216,North India,India,Asia,2013,98.4,24,2,6,2.9,11,0,0,4,73.9,646.1,8,205,74,1,2,0.26
MOCK0001,Delhi Safdarjung,28.58,77.21,216,North India,India,Asia,2014,99.2,31,3,13,4.0,9,1,5,3,81.8,839.7,3,91,57,1,1,-0.53
MOCK0001,Delhi Safdarjung,28.58,77.21,216,North India,India,Asia,2015,97.9,17,3,11,2.2,10,1,4,2,93.2,798.5,6,219,79,2,7,0.07
MOCK0001,Delhi Safdarjung,28.58,77.21,216,North India,India,Asia,2016,95.7,23,3,14,2.6,16,1,7,1,74.1,744.9,1,85,85,1,2,0.36
MOCK0001,Delhi Safdarjung,28.58,77.21,216,North India,India,Asia,2017,95.7,31,1,13,6.0,15,2,7,2,109.3,1170.6,6,204,73,1,5,0.47
MOCK0001,Delhi Safdarjung,28.58,77.21,216,North India,India,Asia,2018,95.3,22,1,9,3.6,13,1,5,1,47.9,642.0,7,223,93,1,5,0.43
MOCK0001,Delhi Safdarjung,28.58,77.21,216,North India,India,Asia,2019,96.5,21,2,6,2.2,10,1,3,5,67.1,562.3,7,211,63,1,3,0.45
MOCK0001,Delhi Safdarjung,28.58,77.21,216,North India,India,Asia,2020,99.1,34,1,16,6.2,10,1,5,6,48.5,800.0,4,160,70,1,8,0.49
MOCK0001,Delhi Safdarjung,28.58,77.21,216,North India,India,Asia,2021,97.5,32,1,17,6.3,13,2,6,5,53.1,550.7,5,185,95,1,9,0.17
MOCK0001,Delhi Safdarjung,28.58,77.21,216,North India,India,Asia,2022,96.5,31,1,16,6.8,3,0,0,4,81.6,809.2,6,196,80,1,8,0.27
MOCK0001,Delhi Safdarjung,28.58,77.21,216,North India,India,Asia,2023,99.5,27,3,10,3.6,8,1,3,8,92.2,936.6,4,158,82,1,4,0.46
MOCK0001,Delhi Safdarjung,28.58,77.21,216,North India,India,Asia,2024,98.6,35,1,20,8.3,4,0,0,2,58.1,751.6,5,199,85,1,9,0.64
MOCK0001,Delhi Safdarjung,28.58,77.21,216,North India,India,Asia,2025,97.6,33,2,20,4.1,2,0,0,8,45.1,764.0,5,150,82,2,12,0.79
MOCK0001,Delhi Safdarjung,28.58,77.21,216,North India,India,Asia,2026,74.6,19,2,7,2.9,5,0,0,7,29.9,607.3,3,177,109,1,5,0.9
MOCK0002,Jaipur Sanganer,26.82,75.8,390,Rajasthan,India,Asia,1991,97.8,9,1,5,4.0,25,2,15,1,73.2,758.1,4,212,105,1,2,-0.24
MOCK0002,Jaipur Sanganer,26.82,75.8,390,Rajasthan,India,Asia,1992,96.1,11,1,4,2.4,26,2,11,3,31.9,548.7,6,220,63,1,3,-0.34
MOCK0002,Jaipur Sanganer,26.82,75.8,390,Rajasthan,India,Asia,1993,98.4,17,1,3,2.4,26,4,12,3,79.3,670.8,6,245,98,1,2,-0.82
MOCK0002,Jaipur Sanganer,26.82,75.8,390,Rajasthan,India,Asia,1994,100.0,15,1,8,4.6,20,3,10,1,69.2,680.9,2,109,77,1,2,-0.58
MOCK0002,Jaipur Sanganer,26.82,75.8,390,Rajasthan,India,Asia,1995,99.0,18,1,6,2.6,28,2,10,1,67.2,575.0,4,170,87,1,3,-0.37
MOCK0002,Jaipur Sanganer,26.82,75.8,390,Rajasthan,India,Asia,1996,97.0,11,2,7,3.4,16,1,11,2,40.4,678.9,5,186,109,1,5,-0.31
MOCK0002,Jaipur Sanganer,26.82,75.8,390,Rajasthan,India,Asia,1997,97.0,15,2,7,2.2,13,1,7,3,27.9,653.6,4,165,80,1,4,-0.15
MOCK0002,Jaipur Sanganer,26.82,75.8,390,Rajasthan,India,Asia,1998,98.7,22,2,6,1.8,21,2,11,3,24.3,530.0,7,232,62,1,5,0.57
MOCK0002,Jaipur Sanganer,26.82,75.8,390,Rajasthan,India,Asia,1999,98.9,17,1,5,3.0,22,1,9,1,68.5,686.2,9,296,84,1,2,-0.36
MOCK0002,Jaipur Sanganer,26.82,75.8,390,Rajasthan,India,Asia,2000,98.9,23,2,7,2.7,26,4,14,2,47.2,616.0,1,84,84,1,2,-0.39
MOCK0002,Jaipur Sanganer,26.82,75.8,390,Rajasthan,India,Asia,2001,95.2,16,2,8,4.1,18,2,8,4,29.3,609.9,4,202,120,1,5,-0.11
MOCK0002,Jaipur Sanganer,26.82,75.8,390,Rajasthan,India,Asia,2002,99.4,12,1,6,4.2,14,2,8,3,75.1,668.7,2,143,116,1,4,-0.14
MOCK0002,Jaipur Sanganer,26.82,75.8,390,Rajasthan,India,Asia,2003,98.0,23,2,15,5.3,18,3,9,1,46.3,669.0,5,202,115,1,5,0.34
MOCK0002,Jaipur Sanganer,26.82,75.8,390,Rajasthan,India,Asia,2004,95.8,17,1,8,3.6,18,1,6,4,43.7,579.3,6,235,115,1,5,0.16
MOCK0002,Jaipur Sanganer,26.82,75.8,390,Rajasthan,India,Asia,2005,95.2,23,1,8,3.4,22,1,8,6,22.8,550.2,3,163,126,1,5,-0.16
MOCK0002,Jaipur Sanganer,26.82,75.8,390,Rajasthan,India,Asia,2006,97.4,29,3,9,2.8,26,3,10,3,55.0,496.3,3,157,90,1,4,0.23
MOCK0002,Jaipur Sanganer,26.82,75.8,390,Rajasthan,India,Asia,2007,100.0,25,4,15,3.2,19,2,6,3,34.4,708.6,3,126,95,2,6,0.42
MOCK0002,Jaipur Sanganer,26.82,75.8,390,Rajasthan,India,Asia,2008,97.3,22,3,12,2.3,11,1,4,3,54.5,729.6,8,295,110,3,9,-0.05
MOCK0002,Jaipur Sanganer,26.82,75.8,390,Rajasthan,India,Asia,2009,97.5,22,2,11,4.2,17,1,9,2,41.5,521.3,6,159,88,2,7,0.32
MOCK0002,Jaipur Sanganer,26.82,75.8,390,Rajasthan,India,Asia,2010,96.0,16,2,6,3.1,18,2,7,3,36.6,544.5,5,215,105,1,5,-0.07
MOCK0002,Jaipur Sanganer,26.82,75.8,390,Rajasthan,India,Asia,2011,97.7,23,1,7,4.8,11,2,6,3,65.5,597.3,5,244,132,1,7,-0.06
MOCK0002,Jaipur Sanganer,26.82,75.8,390,Rajasthan,India,Asia,2012,95.4,22,3,9,1.7,18,2,6,1,53.1,615.7,3,136,99,1,5,0.05
MOCK0002,Jaipur Sanganer,26.82,75.8,390,Rajasthan,India,Asia,2013,95.7,19,1,7,4.5,11,1,3,1,74.1,627.5,5,243,114,1,5,0.37
MOCK0002,Jaipur Sanganer,26.82,75.8,390,Rajasthan,India,Asia,2014,96.0,15,2,6,3.9,16,1,3,7,32.4,513.1,6,229,85,1,4,0.55
MOCK0002,Jaipur Sanganer,26.82,75.8,390,Rajasthan,India,Asia,2015,97.1,27,1,12,5.6,12,1,6,3,58.0,561.1,8,251,86,1,6,0.75
MOCK0002,Jaipur Sanganer,26.82,75.8,390,Rajasthan,India,Asia,2016,98.8,27,1,9,4.2,20,1,9,6,49.6,733.6,4,151,87,1,5,0.82
MOCK0002,Jaipur Sanganer,26.82,75.8,390,Rajasthan,India,Asia,2017,98.6,29,2,11,4.1,15,2,7,9,47.3,534.9,6,256,110,2,9,0.35
MOCK0002,Jaipur Sanganer,26.82,75.8,390,Rajasthan,India,Asia,2018,99.9,25,2,13,4.0,10,2,8,3,44.8,726.3,6,211,123,2,7,0.94
MOCK0002,Jaipur Sanganer,26.82,75.8,390,Rajasthan,India,Asia,2019,97.7,24,1,11,4.9,16,1,4,3,45.8,614.1,3,143,110,1,4,0.07
MOCK0002,Jaipur Sanganer,26.82,75.8,390,Rajasthan,India,Asia,2020,95.4,33,3,10,3.7,12,1,5,3,24.0,576.2,5,184,90,2,6,0.54
MOCK0002,Jaipur Sanganer,26.82,75.8,390,Rajasthan,India,Asia,2021,98.1,29,1,6,4.5,9,0,0,2,52.8,657.5,9,271,108,1,4,0.12
MOCK0002,Jaipur Sanganer,26.82,75.8,390,Rajasthan,India,Asia,2022,97.2,24,3,12,2.5,9,2,6,1,58.1,770.7,4,151,86,1,4,0.33
MOCK0002,Jaipur Sanganer,26.82,75.8,390,Rajasthan,India,Asia,2023,97.2,35,2,7,3.2,14,1,7,2,52.2,634.4,5,178,98,1,2,0.22
MOCK0002,Jaipur Sanganer,26.82,75.8,390,Rajasthan,India,Asia,2024,98.5,28,2,9,4.4,11,1,3,1,27.5,654.3,6,228,102,1,3,0.47
MOCK0002,Jaipur Sanganer,26.82,75.8,390,Rajasthan,India,Asia,2025,98.1,43,1,18,6.8,5,0,0,3,51.6,555.0,4,196,90,1,12,0.49
MOCK0002,Jaipur Sanganer,26.82,75.8,390,Rajasthan,India,Asia,2026,74.6,21,2,8,2.4,2,0,0,0,63.8,551.0,5,223,112,2,6,-0.03
MOCK0003,Kochi,9.97,76.28,3,Kerala,India,Asia,1991,98.9,4,0,0,,28,1,10,7,242.7,3625.1,4,91,27,0,0,-0.6
MOCK0003,Kochi,9.97,76.28,3,Kerala,India,Asia,1992,95.1,6,0,0,,16,1,8,12,118.5,2384.3,1,27,27,0,0,-0.88
MOCK0003,Kochi,9.97,76.28,3,Kerala,India,Asia,1993,96.8,8,1,3,2.8,24,2,10,3,360.0,3286.6,1,32,32,0,0,-0.33
MOCK0003,Kochi,9.97,76.28,3,Kerala,India,Asia,1994,98.8,8,2,6,1.9,25,1,10,3,357.0,3485.6,2,56,35,1,1,0.75
MOCK0003,Kochi,9.97,76.28,3,Kerala,India,Asia,1995,97.9,13,2,9,3.7,21,1,7,8,249.7,3952.1,2,59,41,1,1,-0.18
MOCK0003,Kochi,9.97,76.28,3,Kerala,India,Asia,1996,97.0,10,2,6,2.6,31,1,10,10,176.9,2625.0,2,52,26,0,0,-0.47
MOCK0003,Kochi,9.97,76.28,3,Kerala,India,Asia,1997,99.4,19,1,12,4.6,13,1,7,7,337.1,3402.4,2,77,43,1,2,0.1
MOCK0003,Kochi,9.97,76.28,3,Kerala,India,Asia,1998,97.0,9,1,8,4.1,19,1,6,6,305.9,2759.1,4,87,23,1,3,0.03
MOCK0003,Kochi,9.97,76.28,3,Kerala,India,Asia,1999,97.3,19,1,7,4.7,20,3,9,10,152.8,2717.5,1,26,26,0,0,0.32
MOCK0003,Kochi,9.97,76.28,3,Kerala,India,Asia,2000,100.0,20,1,10,5.0,25,2,10,5,423.5,3689.4,3,69,28,0,0,0.26
MOCK0003,Kochi,9.97,76.28,3,Kerala,India,Asia,2001,97.3,14,2,7,3.6,19,2,7,10,306.8,3564.3,1,26,26,0,0,0.25
MOCK0003,Kochi,9.97,76.28,3,Kerala,India,Asia,2002,98.1,20,1,6,4.2,17,2,6,6,202.6,3418.5,1,21,21,0,0,0.34
MOCK0003,Kochi,9.97,76.28,3,Kerala,India,Asia,2003,99.1,19,1,7,3.3,18,1,7,4,200.7,2459.4,3,48,21,1,1,-0.51
MOCK0003,Kochi,9.97,76.28,3,Kerala,India,Asia,2004,99.9,23,2,11,3.1,16,1,7,7,266.2,3025.2,1,34,34,1,1,-0.47
MOCK0003,Kochi,9.97,76.28,3,Kerala,India,Asia,2005,96.9,17,1,7,3.5,15,1,5,7,147.3,3329.1,2,42,29,0,0,0.12
MOCK0003,Kochi,9.97,76.28,3,Kerala,India,Asia,2006,95.5,20,1,5,4.3,23,1,8,5,324.7,2982.7,1,22,22,0,0,-0.1
MOCK0003,Kochi,9.97,76.28,3,Kerala,India,Asia,2007,99.3,19,3,11,3.3,19,2,8,11,305.4,3627.0,3,61,26,1,2,0.34
MOCK0003,Kochi,9.97,76.28,3,Kerala,India,Asia,2008,97.0,22,3,12,2.5,6,0,0,17,298.3,2867.6,1,24,24,1,1,-0.02
MOCK0003,Kochi,9.97,76.28,3,Kerala,India,Asia,2009,99.9,17,1,9,4.2,25,3,10,6,227.9,2483.4,2,41,28,1,2,0.56
MOCK0003,Kochi,9.97,76.28,3,Kerala,India,Asia,2010,95.9,18,1,8,3.7,12,1,5,7,276.2,2907.2,1,34,34,1,2,0.14
MOCK0003,Kochi,9.97,76.28,3,Kerala,India,Asia,2011,97.0,18,1,5,3.5,7,1,3,8,315.2,2862.7,3,62,25,1,2,0.68
MOCK0003,Kochi,9.97,76.28,3,Kerala,India,Asia,2012,99.7,24,3,11,2.1,15,1,6,3,462.3,4052.6,3,51,23,1,1,0.36
MOCK0003,Kochi,9.97,76.28,3,Kerala,India,Asia,2013,95.8,19,2,8,3.9,18,3,9,4,230.8,3192.0,3,77,32,0,0,0.1
MOCK0003,Kochi,9.97,76.28,3,Kerala,India,Asia,2014,98.4,24,4,12,2.6,9,1,3,13,266.7,3756.5,1,29,29,1,1,-0.52
MOCK0003,Kochi,9.97,76.28,3,Kerala,India,Asia,2015,95.8,23,1,10,4.9,17,1,7,12,279.5,2372.5,1,36,36,1,1,0.35
MOCK0003,Kochi,9.97,76.28,3,Kerala,India,Asia,2016,96.4,21,1,14,6.0,17,1,4,11,197.4,2179.1,2,50,33,1,3,0.62
MOCK0003,Kochi,9.97,76.28,3,Kerala,India,Asia,2017,99.5,20,1,4,2.3,10,1,5,5,222.8,3649.0,1,35,35,0,0,0.41
MOCK0003,Kochi,9.97,76.28,3,Kerala,India,Asia,2018,97.1,22,2,13,5.4,7,1,3,10,198.5,2338.3,1,34,34,1,1,0.27
MOCK0003,Kochi,9.97,76.28,3,Kerala,India,Asia,2019,98.6,25,2,11,4.9,10,1,3,6,404.8,3569.4,3,66,39,0,0,0.76
MOCK0003,Kochi,9.97,76.28,3,Kerala,India,Asia,2020,98.9,24,3,15,3.4,13,1,7,13,278.6,2704.8,2,48,38,1,4,0.08
MOCK0003,Kochi,9.97,76.28,3,Kerala,India,Asia,2021,95.3,21,2,6,3.7,8,1,5,5,185.7,3277.2,2,42,25,1,1,0.11
MOCK0003,Kochi,9.97,76.28,3,Kerala,India,Asia,2022,98.3,26,1,16,6.1,12,1,3,6,300.7,3900.0,1,39,39,1,4,0.51
MOCK0003,Kochi,9.97,76.28,3,Kerala,India,Asia,2023,97.7,19,2,12,2.9,12,1,4,7,212.8,2214.3,2,46,29,1,2,-0.04
MOCK0003,Kochi,9.97,76.28,3,Kerala,India,Asia,2024,99.6,26,1,18,7.9,7,1,5,4,188.0,2728.7,3,76,27,1,4,-0.32
MOCK0003,Kochi,9.97,76.28,3,Kerala,India,Asia,2025,97.1,31,3,11,2.6,10,2,6,15,199.9,2506.3,4,88,34,1,3,-0.23
MOCK0003,Kochi,9.97,76.28,3,Kerala,India,Asia,2026,74.6,20,1,6,3.3,5,0,0,8,264.3,2384.8,2,43,30,1,3,0.79
MOCK0004,Niamey,13.48,2.17,223,Sahel,Niger,Africa,1991,99.6,13,1,8,4.4,24,3,12,2,24.4,547.3,7,268,153,1,5,0.03
MOCK0004,Niamey,13.48,2.17,223,Sahel,Niger,Africa,1992,97.0,12,1,3,2.0,20,2,10,1,42.9,624.9,8,331,134,1,3,-0.55
MOCK0004,Niamey,13.48,2.17,223,Sahel,Niger,Africa,1993,95.1,12,1,4,2.6,19,1,4,2,26.4,362.5,8,350,138,1,4,-0.79
MOCK0004,Niamey,13.48,2.17,223,Sahel,Niger,Africa,1994,95.6,9,1,4,3.0,20,2,7,1,59.7,688.5,5,291,201,1,4,-0.29
MOCK0004,Niamey,13.48,2.17,223,Sahel,Niger,Africa,1995,95.6,19,1,10,5.2,19,1,10,1,37.5,547.8,8,360,166,1,10,-0.59
MOCK0004,Niamey,13.48,2.17,223,Sahel,Niger,Africa,1996,96.5,15,1,4,3.6,18,1,8,0,29.8,573.6,7,298,176,1,4,-0.18
MOCK0004,Niamey,13.48,2.17,223,Sahel,Niger,Africa,1997,98.9,7,1,3,3.3,23,4,12,2,52.9,515.8,4,300,218,1,3,0.05
MOCK0004,Niamey,13.48,2.17,223,Sahel,Niger,Africa,1998,97.5,10,0,0,,19,1,5,3,48.5,583.1,5,265,167,0,0,-0.4
MOCK0004,Niamey,13.48,2.17,223,Sahel,Niger,Africa,1999,97.0,11,3,9,3.1,20,1,8,0,39.5,408.1,7,389,228,2,7,-0.33
MOCK0004,Niamey,13.48,2.17,223,Sahel,Niger,Africa,2000,98.6,12,1,3,3.5,21,1,8,1,48.4,501.6,9,418,217,1,3,-0.04
MOCK0004,Niamey,13.48,2.17,223,Sahel,Niger,Africa,2001,95.8,18,3,9,2.1,25,1,15,4,20.9,414.6,11,392,144,3,9,0.73
MOCK0004,Niamey,13.48,2.17,223,Sahel,Niger,Africa,2002,96.1,16,2,8,4.2,20,1,8,1,15.7,353.3,11,356,129,2,7,-0.26
MOCK0004,Niamey,13.48,2.17,223,Sahel,Niger,Africa,2003,96.3,22,2,9,3.8,11,1,5,2,70.2,709.1,6,269,144,2,7,-0.94
MOCK0004,Niamey,13.48,2.17,223,Sahel,Niger,Africa,2004,99.9,21,2,7,2.2,13,2,9,3,38.8,656.7,7,370,215,2,6,0.12
MOCK0004,Niamey,13.48,2.17,223,Sahel,Niger,Africa,2005,98.5,9,1,5,4.4,16,1,9,3,50.2,621.1,6,312,187,1,3,-0.45
MOCK0004,Niamey,13.48,2.17,223,Sahel,Niger,Africa,2006,97.1,19,2,6,2.5,19,2,6,3,56.9,540.3,4,292,214,1,5,0.33
MOCK0004,Niamey,13.48,2.17,223,Sahel,Niger,Africa,2007,99.0,20,1,8,3.9,17,3,9,3,23.7,534.5,8,341,186,1,7,-0.29
MOCK0004,Niamey,13.48,2.17,223,Sahel,Niger,Africa,2008,66.2,10,2,6,1.8,7,1,3,0,16.2,305.3,7,407,242,1,4,0.6
MOCK0004,Niamey,13.48,2.17,223,Sahel,Niger,Africa,2009,98.8,22,1,10,4.7,14,1,5,4,50.9,467.9,11,452,190,1,9,-0.39
MOCK0004,Niamey,13.48,2.17,223,Sahel,Niger,Africa,2010,97.6,17,1,8,5.0,20,1,5,2,53.9,554.2,4,228,150,1,3,-0.33
MOCK0004,Niamey,13.48,2.17,223,Sahel,Niger,Africa,2011,97.6,19,2,7,3.0,17,1,7,3,27.7,448.4,7,433,261,2,7,-0.12
MOCK0004,Niamey,13.48,2.17,223,Sahel,Niger,Africa,2012,95.6,23,2,8,4.4,13,1,4,2,80.2,891.7,6,331,183,2,7,0.1
MOCK0004,Niamey,13.48,2.17,223,Sahel,Niger,Africa,2013,96.3,30,1,14,6.0,8,1,4,3,62.8,537.8,3,275,223,1,12,-0.37
MOCK0004,Niamey,13.48,2.17,223,Sahel,Niger,Africa,2014,99.1,19,1,8,4.7,17,1,4,1,57.2,689.1,6,310,197,1,8,0.5
MOCK0004,Niamey,13.48,2.17,223,Sahel,Niger,Africa,2015,96.0,26,1,11,4.7,8,0,0,0,69.0,630.1,7,323,210,1,10,0.58
MOCK0004,Niamey,13.48,2.17,223,Sahel,Niger,Africa,2016,100.0,22,1,7,5.1,9,1,6,3,44.2,649.8,7,393,250,1,7,0.67
MOCK0004,Niamey,13.48,2.17,223,Sahel,Niger,Africa,2017,97.1,25,1,8,4.6,14,2,6,3,49.5,537.7,6,305,199,1,6,0.01
MOCK0004,Niamey,13.48,2.17,223,Sahel,Niger,Africa,2018,99.5,25,2,14,3.9,20,2,9,1,44.3,393.7,7,276,185,2,13,0.21
MOCK0004,Niamey,13.48,2.17,223,Sahel,Niger,Africa,2019,99.1,32,2,13,5.0,10,2,6,1,47.9,525.2,7,355,207,2,9,0.09
MOCK0004,Niamey,13.48,2.17,223,Sahel,Niger,Africa,2020,99.1,21,2,8,2.6,7,0,0,5,60.0,599.2,8,363,205,2,8,0.53
MOCK0004,Niamey,13.48,2.17,223,Sahel,Niger,Africa,2021,99.6,23,2,13,4.3,11,1,7,0,49.5,646.7,7,321,180,2,12,0.04
MOCK0004,Niamey,13.48,2.17,223,Sahel,Niger,Africa,2022,99.8,31,1,19,6.7,6,0,0,2,33.6,492.4,7,403,223,1,17,0.61
MOCK0004,Niamey,13.48,2.17,223,Sahel,Niger,Africa,2023,99.4,40,2,18,5.3,7,1,4,0,23.1,513.6,4,292,207,2,14,0.94
MOCK0004,Niamey,13.48,2.17,223,Sahel,Niger,Africa,2024,97.4,28,4,15,4.4,3,0,0,4,67.1,602.9,8,338,191,4,14,0.75
MOCK0004,Niamey,13.48,2.17,223,Sahel,Niger,Africa,2025,99.9,29,1,18,6.2,6,0,0,4,63.5,554.5,4,324,227,1,14,0.51
MOCK0004,Niamey,13.48,2.17,223,Sahel,Niger,Africa,2026,74.6,24,1,15,6.9,2,0,0,1,20.9,383.7,7,315,200,1,13,1.16
MOCK0005,Cape Town,-33.97,18.6,42,Western Cape,South Africa,Africa,1991,98.0,8,1,4,3.9,30,2,14,6,48.7,681.8,6,188,40,1,1,-0.43
MOCK0005,Cape Town,-33.97,18.6,42,Western Cape,South Africa,Africa,1992,99.9,13,1,5,4.0,21,2,10,1,59.1,559.1,4,116,46,1,3,-0.36
MOCK0005,Cape Town,-33.97,18.6,42,Western Cape,South Africa,Africa,1993,97.4,10,1,4,2.1,26,1,14,3,32.3,461.7,2,86,56,1,1,-0.63
MOCK0005,Cape Town,-33.97,18.6,42,Western Cape,South Africa,Africa,1994,97.0,8,0,0,,31,5,15,4,25.0,456.4,3,88,33,0,0,-0.23
MOCK0005,Cape Town,-33.97,18.6,42,Western Cape,South Africa,Africa,1995,96.8,10,1,5,2.9,22,1,10,5,47.4,503.6,1,41,41,1,1,0.2
MOCK0005,Cape Town,-33.97,18.6,42,Western Cape,South Africa,Africa,1996,96.5,12,1,8,3.8,26,1,12,2,21.2,418.2,2,62,49,1,4,0.09
MOCK0005,Cape Town,-33.97,18.6,42,Western Cape,South Africa,Africa,1997,95.5,15,2,9,3.3,20,1,7,3,61.0,542.6,4,115,41,1,3,-0.04
MOCK0005,Cape Town,-33.97,18.6,42,Western Cape,South Africa,Africa,1998,96.8,15,1,3,3.3,17,1,4,3,26.9,520.2,1,59,59,1,1,-0.39
MOCK0005,Cape Town,-33.97,18.6,42,Western Cape,South Africa,Africa,1999,95.6,15,2,7,3.5,25,2,8,1,23.8,471.0,1,49,49,1,2,-1.09
MOCK0005,Cape Town,-33.97,18.6,42,Western Cape,South Africa,Africa,2000,97.2,19,3,9,2.5,25,2,11,1,44.6,433.9,1,61,61,1,2,-0.1
MOCK0005,Cape Town,-33.97,18.6,42,Western Cape,South Africa,Africa,2001,95.6,19,1,7,3.4,21,3,12,5,40.9,593.9,3,89,40,1,2,-0.16
MOCK0005,Cape Town,-33.97,18.6,42,Western Cape,South Africa,Africa,2002,100.0,13,2,6,2.4,20,1,7,2,46.6,527.1,2,68,49,1,3,-0.27
MOCK0005,Cape Town,-33.97,18.6,42,Western Cape,South Africa,Africa,2003,100.0,15,1,13,6.1,18,3,9,4,40.7,459.9,2,53,38,1,6,0.13
MOCK0005,Cape Town,-33.97,18.6,42,Western Cape,South Africa,Africa,2004,95.6,16,3,9,1.8,11,1,3,4,40.3,487.6,5,147,50,1,2,-0.38
MOCK0005,Cape Town,-33.97,18.6,42,Western Cape,South Africa,Africa,2005,95.6,14,1,6,4.5,18,2,9,6,53.9,577.2,2,59,39,1,1,0.11
MOCK0005,Cape Town,-33.97,18.6,42,Western Cape,South Africa,Africa,2006,99.7,13,0,0,,19,2,7,1,21.8,471.0,6,152,42,0,0,0.07
MOCK0005,Cape Town,-33.97,18.6,42,Western Cape,South Africa,Africa,2007,95.7,14,1,5,3.8,19,2,9,2,46.6,512.7,3,75,40,1,2,0.14
MOCK0005,Cape Town,-33.97,18.6,42,Western Cape,South Africa,Africa,2008,96.1,27,1,15,7.4,23,3,10,1,44.4,504.4,3,102,58,1,3,0.23
MOCK0005,Cape Town,-33.97,18.6,42,Western Cape,South Africa,Africa,2009,95.9,21,2,6,3.8,8,1,3,0,32.5,491.6,2,60,35,1,2,0.18
MOCK0005,Cape Town,-33.97,18.6,42,Western Cape,South Africa,Africa,2010,97.7,21,2,9,4.0,9,1,3,2,20.7,344.7,6,172,45,1,3,-0.41
MOCK0005,Cape Town,-33.97,18.6,42,Western Cape,South Africa,Africa,2011,100.0,21,3,14,4.1,9,0,0,4,58.8,538.3,1,24,24,1,1,0.32
MOCK0005,Cape Town,-33.97,18.6,42,Western Cape,South Africa,Africa,2012,97.5,17,2,8,3.5,18,1,5,2,45.7,468.3,2,63,47,1,3,0.42
MOCK0005,Cape Town,-33.97,18.6,42,Western Cape,South Africa,Africa,2013,95.9,20,3,9,2.4,12,2,6,2,67.9,570.9,4,137,47,1,5,-0.1
MOCK0005,Cape Town,-33.97,18.6,42,Western Cape,South Africa,Africa,2014,99.5,26,1,8,4.6,15,1,5,2,50.6,447.7,1,52,52,1,1,1.23
MOCK0005,Cape Town,-33.97,18.6,42,Western Cape,South Africa,Africa,2015,100.0,27,4,15,3.3,11,1,5,4,51.3,466.8,4,121,36,1,4,0.53
MOCK0005,Cape Town,-33.97,18.6,42,Western Cape,South Africa,Africa,2016,99.0,25,3,13,4.1,15,1,5,2,32.2,412.8,2,73,49,1,5,0.59
MOCK0005,Cape Town,-33.97,18.6,42,Western Cape,South Africa,Africa,2017,97.6,20,1,9,4.0,15,1,4,3,20.7,449.7,2,71,41,1,3,0.26
MOCK0005,Cape Town,-33.97,18.6,42,Western Cape,South Africa,Africa,2018,100.0,20,2,9,2.7,11,1,7,5,48.2,440.6,4,141,51,1,2,0.0
MOCK0005,Cape Town,-33.97,18.6,42,Western Cape,South Africa,Africa,2019,96.4,26,4,15,3.2,9,1,3,2,61.5,543.5,5,153,62,2,8,0.09
MOCK0005,Cape Town,-33.97,18.6,42,Western Cape,South Africa,Africa,2020,98.2,22,2,11,2.6,12,1,5,4,38.4,393.4,2,72,48,1,3,0.62
MOCK0005,Cape Town,-33.97,18.6,42,Western Cape,South Africa,Africa,2021,99.0,27,3,11,4.2,8,0,0,5,51.2,656.5,1,49,49,1,1,0.06
MOCK0005,Cape Town,-33.97,18.6,42,Western Cape,South Africa,Africa,2022,96.8,30,3,15,3.4,5,0,0,2,34.4,494.7,4,118,45,1,5,0.71
MOCK0005,Cape Town,-33.97,18.6,42,Western Cape,South Africa,Africa,2023,96.6,31,3,15,4.2,4,0,0,7,50.4,519.6,3,86,56,1,4,0.45
MOCK0005,Cape Town,-33.97,18.6,42,Western Cape,South Africa,Africa,2024,96.3,35,1,16,5.9,5,1,4,2,78.5,713.3,9,269,51,1,10,0.29
MOCK0005,Cape Town,-33.97,18.6,42,Western Cape,South Africa,Africa,2025,99.1,29,2,14,5.0,11,1,4,5,27.9,414.6,6,162,46,2,7,0.02
MOCK0005,Cape Town,-33.97,18.6,42,Western Cape,South Africa,Africa,2026,74.6,15,2,7,2.4,6,0,0,2,25.8,352.6,4,134,48,1,2,0.61
MOCK0006,Austin,30.19,-97.67,150,Texas,USA,North America,1991,98.7,10,0,0,,25,1,8,4,48.0,880.9,5,148,49,0,0,0.19
MOCK0006,Austin,30.19,-97.67,150,Texas,USA,North America,1992,98.4,4,1,4,3.4,38,3,13,3,77.7,727.7,2,63,36,1,2,0.56
MOCK0006,Austin,30.19,-97.67,150,Texas,USA,North America,1993,97.7,7,1,4,3.3,28,3,10,3,78.3,911.5,2,62,40,1,1,0.46
MOCK0006,Austin,30.19,-97.67,150,Texas,USA,North America,1994,100.0,15,1,5,4.4,21,1,5,6,94.5,1193.9,4,126,43,1,3,-0.06
MOCK0006,Austin,30.19,-97.67,150,Texas,USA,North America,1995,98.4,5,1,3,3.6,29,2,16,6,87.4,859.9,1,47,47,0,0,0.23
MOCK0006,Austin,30.19,-97.67,150,Texas,USA,North America,1996,96.2,9,0,0,,23,1,6,3,75.4,982.6,3,88,33,0,0,-0.38
MOCK0006,Austin,30.19,-97.67,150,Texas,USA,North America,1997,99.6,19,1,10,5.9,23,1,13,4,30.8,636.5,2,57,30,1,1,0.3
MOCK0006,Austin,30.19,-97.67,150,Texas,USA,North America,1998,100.0,17,1,5,2.9,17,2,7,3,101.9,1287.2,5,139,41,1,1,-0.93
MOCK0006,Austin,30.19,-97.67,150,Texas,USA,North America,1999,98.9,16,1,5,3.6,25,2,11,3,85.3,762.4,2,62,47,0,0,-0.16
MOCK0006,Austin,30.19,-97.67,150,Texas,USA,North America,2000,99.1,6,1,3,3.0,26,3,12,3,94.1,919.7,1,29,29,1,1,-0.51
MOCK0006,Austin,30.19,-97.67,150,Texas,USA,North America,2001,99.7,9,2,6,2.9,22,3,11,3,67.9,889.7,2,86,51,1,1,0.63
MOCK0006,Austin,30.19,-97.67,150,Texas,USA,North America,2002,99.4,23,1,9,5.6,22,2,9,4,83.4,869.1,2,54,40,0,0,0.51
MOCK0006,Austin,30.19,-97.67,150,Texas,USA,North America,2003,95.1,15,1,8,4.7,10,0,0,7,42.9,843.5,3,104,40,1,1,-0.21
MOCK0006,Austin,30.19,-97.67,150,Texas,USA,North America,2004,100.0,20,2,7,3.6,20,1,6,9,56.7,912.1,4,117,56,1,4,0.24
MOCK0006,Austin,30.19,-97.67,150,Texas,USA,North America,2005,96.1,19,1,4,3.6,20,1,10,2,77.2,1068.4,2,70,49,1,2,-0.38
MOCK0006,Austin,30.19,-97.67,150,Texas,USA,North America,2006,99.4,16,1,7,4.6,17,1,7,8,35.1,868.2,2,48,34,1,1,0.07
MOCK0006,Austin,30.19,-97.67,150,Texas,USA,North America,2007,97.9,12,1,4,3.9,18,4,12,5,69.6,1000.7,3,95,40,0,0,0.47
MOCK0006,Austin,30.19,-97.67,150,Texas,USA,North America,2008,95.1,16,2,6,3.4,19,2,10,5,106.8,907.9,3,96,38,1,2,0.68
MOCK0006,Austin,30.19,-97.67,150,Texas,USA,North America,2009,98.5,19,3,10,3.5,19,2,7,4,57.2,782.6,2,59,31,1,1,0.48
MOCK0006,Austin,30.19,-97.67,150,Texas,USA,North America,2010,99.2,21,3,12,4.1,13,1,3,5,70.1,1081.7,3,108,43,1,5,0.87
MOCK0006,Austin,30.19,-97.67,150,Texas,USA,North America,2011,99.4,24,3,10,2.2,14,2,6,3,62.7,885.5,1,36,36,1,1,0.59
MOCK0006,Austin,30.19,-97.67,150,Texas,USA,North America,2012,96.0,26,3,10,2.5,16,1,7,0,64.5,860.7,8,244,41,2,6,0.1
MOCK0006,Austin,30.19,-97.67,150,Texas,USA,North America,2013,98.7,26,3,13,3.8,17,3,10,4,72.6,681.3,5,163,44,1,4,0.19
MOCK0006,Austin,30.19,-97.67,150,Texas,USA,North America,2014,99.0,20,1,7,4.5,15,1,6,3,101.9,1091.5,2,57,37,1,1,-0.34
MOCK0006,Austin,30.19,-97.67,150,Texas,USA,North America,2015,98.2,33,1,12,6.2,12,1,5,5,61.4,944.1,5,144,33,1,7,0.67
MOCK0006,Austin,30.19,-97.67,150,Texas,USA,North America,2016,98.0,25,2,10,2.8,10,0,0,6,74.6,749.9,1,40,40,0,0,0.71
MOCK0006,Austin,30.19,-97.67,150,Texas,USA,North America,2017,97.6,22,4,13,3.3,13,1,4,4,62.5,625.2,4,95,31,1,4,-0.15
MOCK0006,Austin,30.19,-97.67,150,Texas,USA,North America,2018,96.5,27,4,12,2.0,16,1,8,8,63.4,587.9,5,168,41,1,5,-0.12
MOCK0006,Austin,30.19,-97.67,150,Texas,USA,North America,2019,100.0,25,1,5,2.9,11,1,5,1,89.6,863.1,4,98,36,1,1,0.29
MOCK0006,Austin,30.19,-97.67,150,Texas,USA,North America,2020,95.6,34,4,15,4.1,12,1,4,5,32.7,591.5,2,63,46,1,5,0.13
MOCK0006,Austin,30.19,-97.67,150,Texas,USA,North America,2021,96.4,17,2,8,4.2,11,2,7,6,63.1,839.8,2,70,45,1,3,0.05
MOCK0006,Austin,30.19,-97.67,150,Texas,USA,North America,2022,98.9,30,1,16,6.7,6,0,0,1,65.7,1305.6,3,90,42,1,5,0.83
MOCK0006,Austin,30.19,-97.67,150,Texas,USA,North America,2023,98.7,29,2,12,2.8,10,1,3,6,109.1,939.0,1,50,50,1,2,0.49
MOCK0006,Austin,30.19,-97.67,150,Texas,USA,North America,2024,99.0,26,1,9,4.9,11,1,3,6,121.0,1361.5,3,118,44,0,0,1.0
MOCK0006,Austin,30.19,-97.67,150,Texas,USA,North America,2025,99.9,31,1,13,6.1,8,1,4,5,80.9,961.5,6,183,56,1,2,0.72
MOCK0006,Austin,30.19,-97.67,150,Texas,USA,North America,2026,74.6,25,3,13,3.3,5,0,0,4,27.3,532.5,1,50,50,1,1,0.56
MOCK0007,Los Angeles,33.94,-118.41,30,California,USA,North America,1991,95.9,8,1,3,3.0,20,1,8,0,48.3,466.3,2,188,172,1,2,-0.38
MOCK0007,Los Angeles,33.94,-118.41,30,California,USA,North America,1992,99.8,13,2,6,3.3,25,2,8,3,14.8,297.1,5,242,140,2,6,-0.67
MOCK0007,Los Angeles,33.94,-118.41,30,California,USA,North America,1993,99.0,11,1,4,3.4,25,1,6,1,18.9,274.2,5,276,191,1,4,-0.31
MOCK0007,Los Angeles,33.94,-118.41,30,California,USA,North America,1994,96.6,16,3,9,3.2,25,2,6,2,11.1,253.0,5,247,152,2,6,-0.06
MOCK0007,Los Angeles,33.94,-118.41,30,California,USA,North America,1995,98.5,12,1,4,2.9,22,2,9,2,28.4,284.2,4,205,134,1,1,-0.47
MOCK0007,Los Angeles,33.94,-118.41,30,California,USA,North America,1996,98.6,17,1,5,3.0,24,1,12,1,31.6,367.1,8,352,158,1,5,0.26
MOCK0007,Los Angeles,33.94,-118.41,30,California,USA,North America,1997,100.0,12,2,7,3.5,20,2,7,1,25.4,309.3,9,377,144,2,7,-0.25
MOCK0007,Los Angeles,33.94,-118.41,30,California,USA,North America,1998,98.3,20,1,6,3.4,18,1,6,2,20.2,262.1,15,505,136,1,6,-0.25
MOCK0007,Los Angeles,33.94,-118.41,30,California,USA,North America,1999,98.5,20,1,7,3.5,19,1,9,2,15.8,261.4,9,312,148,1,6,-0.53
MOCK0007,Los Angeles,33.94,-118.41,30,California,USA,North America,2000,98.0,11,1,4,3.7,26,2,13,1,34.0,452.4,5,284,171,1,2,-0.02
MOCK0007,Los Angeles,33.94,-118.41,30,California,USA,North America,2001,96.1,15,2,8,3.3,23,2,6,4,12.5,236.8,13,445,131,2,8,-0.24
MOCK0007,Los Angeles,33.94,-118.41,30,California,USA,North America,2002,98.3,11,1,3,2.5,18,1,9,2,23.6,282.0,12,282,46,1,2,0.16
MOCK0007,Los Angeles,33.94,-118.41,30,California,USA,North America,2003,95.1,19,1,5,3.1,21,3,10,2,14.3,338.3,6,275,167,1,4,-0.28
MOCK0007,Los Angeles,33.94,-118.41,30,California,USA,North America,2004,99.6,21,1,10,4.0,21,2,10,4,26.5,322.6,4,239,176,1,6,-0.03
MOCK0007,Los Angeles,33.94,-118.41,30,California,USA,North America,2005,98.4,24,2,10,3.6,27,3,12,2,17.7,334.1,9,364,139,2,8,-0.2
MOCK0007,Los Angeles,33.94,-118.41,30,California,USA,North America,2006,96.0,16,1,8,3.9,13,1,5,1,18.6,289.2,4,175,94,1,3,0.18
MOCK0007,Los Angeles,33.94,-118.41,30,California,USA,North America,2007,95.4,22,2,10,4.3,18,1,9,3,13.2,321.4,9,383,173,2,9,0.08
MOCK0007,Los Angeles,33.94,-118.41,30,California,USA,North America,2008,100.0,22,2,12,4.0,17,1,5,0,10.9,206.2,6,270,146,2,8,-0.26
MOCK0007,Los Angeles,33.94,-118.41,30,California,USA,North America,2009,99.2,23,2,12,3.2,24,2,10,1,34.3,384.1,6,271,148,2,8,0.32
MOCK0007,Los Angeles,33.94,-118.41,30,California,USA,North America,2010,96.2,16,1,7,4.3,14,1,7,2,14.0,347.1,8,357,152,1,6,-0.17
MOCK0007,Los Angeles,33.94,-118.41,30,California,USA,North America,2011,99.7,21,4,12,1.9,16,1,7,2,11.0,254.7,6,272,135,3,10,0.37
MOCK0007,Los Angeles,33.94,-118.41,30,California,USA,North America,2012,95.8,22,1,6,2.8,12,1,5,2,24.7,277.2,7,248,136,1,5,0.78
MOCK0007,Los Angeles,33.94,-118.41,30,California,USA,North America,2013,96.3,18,2,11,3.5,13,0,0,2,35.9,337.1,11,408,171,2,9,-0.29
MOCK0007,Los Angeles,33.94,-118.41,30,California,USA,North America,2014,97.5,22,1,11,6.1,12,2,6,2,24.3,345.6,6,244,149,1,6,0.41
MOCK0007,Los Angeles,33.94,-118.41,30,California,USA,North America,2015,100.0,18,1,6,3.4,17,1,6,2,43.4,430.0,9,400,180,1,6,0.71
MOCK0007,Los Angeles,33.94,-118.41,30,California,USA,North America,2016,100.0,32,3,14,2.3,17,1,4,1,37.8,344.1,10,341,149,3,14,0.62
MOCK0007,Los Angeles,33.94,-118.41,30,California,USA,North America,2017,97.5,34,2,16,4.5,14,2,6,1,49.1,514.9,6,322,159,2,15,0.32
MOCK0007,Los Angeles,33.94,-118.41,30,California,USA,North America,2018,100.0,20,2,9,4.4,11,1,4,2,27.7,350.9,9,342,125,2,7,0.25
MOCK0007,Los Angeles,33.94,-118.41,30,California,USA,North America,2019,99.9,31,4,16,3.1,8,1,4,0,33.8,338.5,7,299,170,3,11,0.28
MOCK0007,Los Angeles,33.94,-118.41,30,California,USA,North America,2020,95.3,25,3,12,3.6,10,1,3,1,17.7,285.9,3,166,113,2,6,0.07
MOCK0007,Los Angeles,33.94,-118.41,30,California,USA,North America,2021,97.6,18,1,7,5.0,10,1,4,1,27.6,370.9,4,212,158,1,6,0.62
MOCK0007,Los Angeles,33.94,-118.41,30,California,USA,North America,2022,100.0,27,2,11,3.0,9,1,4,5,48.1,455.1,6,294,148,2,10,-0.01
MOCK0007,Los Angeles,33.94,-118.41,30,California,USA,North America,2023,100.0,26,2,12,4.0,13,1,3,0,31.0,273.7,7,316,166,2,7,-0.13
MOCK0007,Los Angeles,33.94,-118.41,30,California,USA,North America,2024,97.8,18,1,5,2.8,11,0,0,2,25.7,309.0,7,331,140,1,3,0.51
MOCK0007,Los Angeles,33.94,-118.41,30,California,USA,North America,2025,97.3,33,3,10,3.2,8,0,0,1,20.9,187.6,3,235,191,2,6,0.61
MOCK0007,Los Angeles,33.94,-118.41,30,California,USA,North America,2026,74.6,25,1,18,7.0,8,1,3,1,11.9,254.4,6,292,156,1,17,0.34
MOCK0008,Manaus,-3.12,-60.02,67,Amazonas,Brazil,South America,1991,100.0,10,1,5,2.6,22,3,11,11,102.8,2179.7,3,39,19,1,1,0.06
MOCK0008,Manaus,-3.12,-60.02,67,Amazonas,Brazil,South America,1992,98.6,9,1,4,3.1,25,3,13,8,197.3,2195.3,1,17,17,0,0,-0.66
MOCK0008,Manaus,-3.12,-60.02,67,Amazonas,Brazil,South America,1993,99.3,17,2,8,2.4,24,2,11,5,222.7,2631.1,3,65,26,1,2,-0.35
MOCK0008,Manaus,-3.12,-60.02,67,Amazonas,Brazil,South America,1994,99.2,7,1,4,2.2,22,2,6,7,168.0,2383.2,1,21,21,0,0,-0.21
MOCK0008,Manaus,-3.12,-60.02,67,Amazonas,Brazil,South America,1995,95.4,8,1,4,2.4,26,2,11,8,137.9,3026.8,1,21,21,1,1,0.06
MOCK0008,Manaus,-3.12,-60.02,67,Amazonas,Brazil,South America,1996,95.6,9,1,4,3.9,28,1,12,3,203.9,2068.5,1,20,20,0,0,-0.35
MOCK0008,Manaus,-3.12,-60.02,67,Amazonas,Brazil,South America,1997,97.5,10,1,5,4.5,25,1,11,9,177.2,1884.3,3,66,25,0,0,0.64
MOCK0008,Manaus,-3.12,-60.02,67,Amazonas,Brazil,South America,1998,97.1,17,2,10,2.7,20,1,8,12,281.6,2510.1,5,88,22,1,5,0.31
MOCK0008,Manaus,-3.12,-60.02,67,Amazonas,Brazil,South America,1999,98.8,14,1,6,3.4,12,2,6,6,203.3,2172.9,3,42,16,0,0,-0.08
MOCK0008,Manaus,-3.12,-60.02,67,Amazonas,Brazil,South America,2000,96.2,11,1,8,4.2,22,1,10,7,114.4,1657.8,2,36,18,0,0,-0.22
MOCK0008,Manaus,-3.12,-60.02,67,Amazonas,Brazil,South America,2001,97.1,13,1,4,3.2,25,2,10,6,163.3,1974.2,1,20,20,0,0,-0.92
MOCK0008,Manaus,-3.12,-60.02,67,Amazonas,Brazil,South America,2002,95.5,15,1,8,4.0,23,1,8,6,191.9,2082.2,1,21,21,0,0,-0.6
MOCK0008,Manaus,-3.12,-60.02,67,Amazonas,Brazil,South America,2003,99.3,15,2,7,2.5,22,3,9,3,315.0,2718.3,2,28,17,0,0,0.22
MOCK0008,Manaus,-3.12,-60.02,67,Amazonas,Brazil,South America,2004,97.0,17,2,8,2.3,17,3,9,7,91.7,1939.0,1,22,22,1,1,-0.31
MOCK0008,Manaus,-3.12,-60.02,67,Amazonas,Brazil,South America,2005,98.7,12,2,6,2.1,21,1,12,12,95.1,2113.0,3,72,26,1,1,0.36
MOCK0008,Manaus,-3.12,-60.02,67,Amazonas,Brazil,South America,2006,97.8,18,1,6,2.8,16,2,9,8,226.5,2318.3,1,21,21,0,0,0.33
MOCK0008,Manaus,-3.12,-60.02,67,Amazonas,Brazil,South America,2007,97.5,16,2,7,3.8,17,2,6,7,76.4,1627.2,3,60,26,0,0,-0.38
MOCK0008,Manaus,-3.12,-60.02,67,Amazonas,Brazil,South America,2008,99.5,21,1,6,4.4,15,1,7,10,151.4,2608.9,2,43,27,1,1,0.48
MOCK0008,Manaus,-3.12,-60.02,67,Amazonas,Brazil,South America,2009,99.8,13,1,8,4.1,12,1,5,7,113.5,1588.4,3,86,31,1,1,-0.08
MOCK0008,Manaus,-3.12,-60.02,67,Amazonas,Brazil,South America,2010,99.5,16,3,10,3.5,23,2,7,4,124.4,1664.3,1,20,20,0,0,-0.06
MOCK0008,Manaus,-3.12,-60.02,67,Amazonas,Brazil,South America,2011,97.8,20,2,10,2.7,13,1,5,9,188.7,2683.7,2,37,20,1,2,0.07
MOCK0008,Manaus,-3.12,-60.02,67,Amazonas,Brazil,South America,2012,99.3,23,1,7,4.8,15,1,6,6,128.2,2263.3,1,23,23,1,1,0.1
MOCK0008,Manaus,-3.12,-60.02,67,Amazonas,Brazil,South America,2013,98.9,20,3,9,1.8,16,1,10,3,114.4,2070.8,2,48,26,1,1,0.31
MOCK0008,Manaus,-3.12,-60.02,67,Amazonas,Brazil,South America,2014,97.3,18,2,9,3.2,13,1,3,5,196.7,1880.2,1,22,22,1,2,0.53
MOCK0008,Manaus,-3.12,-60.02,67,Amazonas,Brazil,South America,2015,99.1,22,3,11,3.1,10,1,4,10,93.1,2188.2,1,29,29,1,1,-0.15
MOCK0008,Manaus,-3.12,-60.02,67,Amazonas,Brazil,South America,2016,96.2,27,1,13,5.2,14,1,5,7,169.4,2047.7,4,80,28,1,2,-0.38
MOCK0008,Manaus,-3.12,-60.02,67,Amazonas,Brazil,South America,2017,97.1,30,2,8,2.1,11,1,6,12,232.3,2285.7,4,58,18,1,3,0.07
MOCK0008,Manaus,-3.12,-60.02,67,Amazonas,Brazil,South America,2018,96.7,22,1,9,3.6,8,1,4,7,230.3,2234.7,1,26,26,0,0,0.28
MOCK0008,Manaus,-3.12,-60.02,67,Amazonas,Brazil,South America,2019,96.6,17,2,8,2.9,12,1,4,10,202.6,1850.6,1,20,20,1,1,0.71
MOCK0008,Manaus,-3.12,-60.02,67,Amazonas,Brazil,South America,2020,96.6,25,2,14,3.9,17,1,4,7,138.9,1890.7,1,23,23,1,2,0.7
MOCK0008,Manaus,-3.12,-60.02,67,Amazonas,Brazil,South America,2021,97.2,32,1,11,6.0,10,1,5,6,76.1,1548.5,1,26,26,1,1,-0.14
MOCK0008,Manaus,-3.12,-60.02,67,Amazonas,Brazil,South America,2022,100.0,33,2,14,3.9,12,1,3,9,297.6,3548.2,1,27,27,1,2,0.6
MOCK0008,Manaus,-3.12,-60.02,67,Amazonas,Brazil,South America,2023,96.5,23,3,12,3.1,12,1,5,5,194.1,2171.9,1,24,24,1,3,0.57
MOCK0008,Manaus,-3.12,-60.02,67,Amazonas,Brazil,South America,2024,98.3,24,1,6,4.7,11,1,3,6,91.6,1743.5,1,23,23,1,1,0.77
MOCK0008,Manaus,-3.12,-60.02,67,Amazonas,Brazil,South America,2025,96.6,37,2,16,4.8,4,0,0,11,185.8,3074.5,3,44,22,1,2,0.43
MOCK0008,Manaus,-3.12,-60.02,67,Amazonas,Brazil,South America,2026,74.6,22,1,7,3.0,5,1,3,7,166.1,1854.1,5,89,21,1,1,1.06
MOCK0009,Seville,37.42,-5.9,34,Andalusia,Spain,Europe,1991,99.6,10,0,0,,21,2,8,10,57.5,562.1,8,257,80,0,0,-0.16
MOCK0009,Seville,37.42,-5.9,34,Andalusia,Spain,Europe,1992,98.3,12,1,5,3.2,27,2,9,5,34.1,515.4,7,227,79,0,0,0.11
MOCK0009,Seville,37.42,-5.9,34,Andalusia,Spain,Europe,1993,98.0,10,1,3,1.7,23,2,9,9,55.1,581.9,1,97,97,1,1,0.55
MOCK0009,Seville,37.42,-5.9,34,Andalusia,Spain,Europe,1994,96.4,8,1,4,2.5,17,1,4,3,36.9,414.3,1,69,69,1,1,-0.41
MOCK0009,Seville,37.42,-5.9,34,Andalusia,Spain,Europe,1995,97.6,13,2,7,2.2,25,2,13,1,43.8,461.4,5,215,109,2,6,-0.52
MOCK0009,Seville,37.42,-5.9,34,Andalusia,Spain,Europe,1996,96.4,13,1,3,2.1,19,3,10,2,31.9,586.1,3,152,91,1,2,0.2
MOCK0009,Seville,37.42,-5.9,34,Andalusia,Spain,Europe,1997,99.2,20,2,10,3.2,12,2,6,3,50.3,522.3,7,255,79,2,9,-0.59
MOCK0009,Seville,37.42,-5.9,34,Andalusia,Spain,Europe,1998,95.1,12,1,6,3.4,19,1,10,1,59.9,736.5,1,92,92,1,1,0.29
MOCK0009,Seville,37.42,-5.9,34,Andalusia,Spain,Europe,1999,95.8,14,1,7,4.5,26,2,10,3,22.7,448.8,4,154,75,1,4,0.01
MOCK0009,Seville,37.42,-5.9,34,Andalusia,Spain,Europe,2000,97.9,11,1,5,3.6,30,2,9,6,28.6,409.6,5,156,71,1,2,-0.35
MOCK0009,Seville,37.42,-5.9,34,Andalusia,Spain,Europe,2001,96.5,19,1,4,2.6,21,2,7,0,60.4,542.2,4,190,115,1,4,0.4
MOCK0009,Seville,37.42,-5.9,34,Andalusia,Spain,Europe,2002,99.8,14,2,9,3.3,23,1,6,4,55.9,559.7,2,113,79,1,3,-0.55
MOCK0009,Seville,37.42,-5.9,34,Andalusia,Spain,Europe,2003,98.2,25,1,10,5.8,14,1,7,5,54.2,546.1,4,113,47,1,3,0.53
MOCK0009,Seville,37.42,-5.9,34,Andalusia,Spain,Europe,2004,99.0,15,1,7,3.5,18,2,6,3,52.3,618.9,5,214,101,1,4,0.28
MOCK0009,Seville,37.42,-5.9,34,Andalusia,Spain,Europe,2005,96.1,17,3,11,4.0,20,1,7,3,57.5,511.2,3,152,84,1,5,0.43
MOCK0009,Seville,37.42,-5.9,34,Andalusia,Spain,Europe,2006,96.0,25,1,8,5.2,20,3,10,3,74.4,675.2,4,159,98,1,4,0.16
MOCK0009,Seville,37.42,-5.9,34,Andalusia,Spain,Europe,2007,98.9,19,1,8,4.6,13,1,5,6,38.1,513.7,5,194,77,1,7,0.07
MOCK0009,Seville,37.42,-5.9,34,Andalusia,Spain,Europe,2008,98.6,25,3,9,2.2,23,1,8,2,41.5,635.8,4,134,59,1,2,0.45
MOCK0009,Seville,37.42,-5.9,34,Andalusia,Spain,Europe,2009,99.1,14,1,8,4.7,15,3,10,2,42.8,583.6,6,199,84,1,4,-0.74
MOCK0009,Seville,37.42,-5.9,34,Andalusia,Spain,Europe,2010,95.8,20,1,11,4.6,17,1,6,7,70.4,596.8,3,139,73,1,3,0.15
MOCK0009,Seville,37.42,-5.9,34,Andalusia,Spain,Europe,2011,96.3,19,4,12,2.5,15,1,5,2,48.6,417.5,8,308,90,3,11,-0.42
MOCK0009,Seville,37.42,-5.9,34,Andalusia,Spain,Europe,2012,96.9,23,1,13,6.1,21,2,8,5,74.7,636.9,7,264,72,1,9,0.4
MOCK0009,Seville,37.42,-5.9,34,Andalusia,Spain,Europe,2013,95.7,25,1,13,6.0,17,2,7,1,46.1,568.4,7,231,93,1,6,-0.33
MOCK0009,Seville,37.42,-5.9,34,Andalusia,Spain,Europe,2014,97.6,25,1,9,3.5,16,1,6,3,35.4,598.2,4,177,79,1,6,0.63
MOCK0009,Seville,37.42,-5.9,34,Andalusia,Spain,Europe,2015,100.0,34,1,15,6.9,17,2,8,2,37.8,463.9,3,141,80,1,6,0.32
MOCK0009,Seville,37.42,-5.9,34,Andalusia,Spain,Europe,2016,99.6,24,3,11,3.6,16,1,5,3,33.0,549.1,1,112,112,1,4,0.72
MOCK0009,Seville,37.42,-5.9,34,Andalusia,Spain,Europe,2017,99.7,27,2,9,4.1,11,1,4,2,60.2,622.5,3,132,97,1,5,0.38
MOCK0009,Seville,37.42,-5.9,34,Andalusia,Spain,Europe,2018,100.0,28,2,13,5.0,10,1,3,5,66.5,570.4,1,97,97,1,4,0.09
MOCK0009,Seville,37.42,-5.9,34,Andalusia,Spain,Europe,2019,97.8,24,3,10,2.0,8,2,7,1,58.5,711.3,3,134,82,1,5,0.22
MOCK0009,Seville,37.42,-5.9,34,Andalusia,Spain,Europe,2020,99.9,21,3,13,4.5,7,1,3,6,23.1,374.2,3,154,85,1,5,0.52
MOCK0009,Seville,37.42,-5.9,34,Andalusia,Spain,Europe,2021,97.0,20,1,7,4.9,7,1,5,2,44.1,574.8,8,311,106,1,5,-0.05
MOCK0009,Seville,37.42,-5.9,34,Andalusia,Spain,Europe,2022,99.3,22,2,11,4.2,8,1,5,4,54.6,467.2,8,254,100,2,8,-0.09
MOCK0009,Seville,37.42,-5.9,34,Andalusia,Spain,Europe,2023,96.0,30,1,16,6.9,10,1,3,2,23.8,492.5,3,127,82,1,3,-0.03
MOCK0009,Seville,37.42,-5.9,34,Andalusia,Spain,Europe,2024,96.8,32,2,17,5.0,10,1,3,2,18.9,381.3,9,312,94,2,16,0.59
MOCK0009,Seville,37.42,-5.9,34,Andalusia,Spain,Europe,2025,99.3,33,1,12,4.5,7,1,4,3,75.6,719.2,4,171,100,1,8,0.5
MOCK0009,Seville,37.42,-5.9,34,Andalusia,Spain,Europe,2026,74.6,29,5,15,3.1,3,0,0,1,29.8,394.1,2,108,90,2,6,0.46
MOCK0010,Sydney,-33.95,151.18,6,New South Wales,Australia,Oceania,1991,99.9,9,1,3,3.5,21,2,12,8,71.1,1380.5,2,29,17,1,1,-0.19
MOCK0010,Sydney,-33.95,151.18,6,New South Wales,Australia,Oceania,1992,99.7,8,0,0,,27,2,12,4,88.6,976.5,4,78,23,0,0,-0.16
MOCK0010,Sydney,-33.95,151.18,6,New South Wales,Australia,Oceania,1993,96.3,9,1,5,2.8,15,1,6,4,71.2,1141.3,2,39,29,1,1,-0.7
MOCK0010,Sydney,-33.95,151.18,6,New South Wales,Australia,Oceania,1994,97.1,12,1,5,2.4,23,1,7,7,118.0,1085.4,3,51,29,1,1,-1.03
MOCK0010,Sydney,-33.95,151.18,6,New South Wales,Australia,Oceania,1995,100.0,6,0,0,,23,1,6,4,106.0,1429.3,2,38,26,0,0,0.28
MOCK0010,Sydney,-33.95,151.18,6,New South Wales,Australia,Oceania,1996,96.6,12,1,4,4.1,26,3,10,3,69.8,1219.2,1,28,28,1,1,-0.45
MOCK0010,Sydney,-33.95,151.18,6,New South Wales,Australia,Oceania,1997,98.0,14,0,0,,16,2,6,4,156.9,1318.7,2,37,24,0,0,-0.08
MOCK0010,Sydney,-33.95,151.18,6,New South Wales,Australia,Oceania,1998,100.0,13,1,5,2.8,26,4,12,8,105.0,1269.1,2,59,31,1,1,-0.24
MOCK0010,Sydney,-33.95,151.18,6,New South Wales,Australia,Oceania,1999,99.6,25,3,10,2.2,23,3,10,5,80.9,1108.9,4,63,25,1,2,-0.21
MOCK0010,Sydney,-33.95,151.18,6,New South Wales,Australia,Oceania,2000,95.2,14,1,5,4.4,20,1,7,2,107.9,1146.6,1,22,22,0,0,-0.12
MOCK0010,Sydney,-33.95,151.18,6,New South Wales,Australia,Oceania,2001,97.5,20,4,12,1.9,19,2,6,4,105.8,1152.5,4,68,19,1,2,-0.51
MOCK0010,Sydney,-33.95,151.18,6,New South Wales,Australia,Oceania,2002,96.1,17,2,7,2.9,29,1,14,2,123.6,1195.8,4,85,26,1,3,-0.61
MOCK0010,Sydney,-33.95,151.18,6,New South Wales,Australia,Oceania,2003,98.1,24,2,9,4.1,19,1,8,6,103.0,1025.2,4,74,25,1,1,0.27
MOCK0010,Sydney,-33.95,151.18,6,New South Wales,Australia,Oceania,2004,99.8,26,4,18,4.0,17,1,7,7,89.6,1235.2,1,23,23,1,2,0.35
MOCK0010,Sydney,-33.95,151.18,6,New South Wales,Australia,Oceania,2005,96.1,20,2,8,2.5,25,1,10,3,111.8,1078.0,3,63,30,1,2,-0.43
MOCK0010,Sydney,-33.95,151.18,6,New South Wales,Australia,Oceania,2006,96.4,27,1,9,3.8,18,1,6,6,80.3,923.0,1,17,17,1,1,0.1
MOCK0010,Sydney,-33.95,151.18,6,New South Wales,Australia,Oceania,2007,96.8,13,1,5,3.1,22,2,9,7,69.2,1524.1,2,36,18,1,1,0.13
MOCK0010,Sydney,-33.95,151.18,6,New South Wales,Australia,Oceania,2008,95.3,19,2,6,3.6,14,1,6,6,51.4,1108.1,3,54,21,1,1,0.07
MOCK0010,Sydney,-33.95,151.18,6,New South Wales,Australia,Oceania,2009,100.0,23,2,7,2.0,18,2,6,6,57.9,1434.9,1,24,24,1,1,-0.27
MOCK0010,Sydney,-33.95,151.18,6,New South Wales,Australia,Oceania,2010,97.6,20,3,10,3.4,20,1,8,4,86.6,1696.9,2,55,28,0,0,0.02
MOCK0010,Sydney,-33.95,151.18,6,New South Wales,Australia,Oceania,2011,96.7,18,2,6,2.9,15,1,4,5,67.5,1537.7,2,51,32,0,0,0.05
MOCK0010,Sydney,-33.95,151.18,6,New South Wales,Australia,Oceania,2012,95.5,22,1,14,6.6,14,0,0,7,86.9,1197.9,2,45,25,1,3,0.2
MOCK0010,Sydney,-33.95,151.18,6,New South Wales,Australia,Oceania,2013,95.5,20,1,6,4.0,10,0,0,8,67.8,936.4,3,78,29,1,2,-0.05
MOCK0010,Sydney,-33.95,151.18,6,New South Wales,Australia,Oceania,2014,98.7,18,1,7,4.6,17,1,4,4,105.5,1399.8,1,25,25,0,0,0.8
MOCK0010,Sydney,-33.95,151.18,6,New South Wales,Australia,Oceania,2015,97.5,22,3,9,3.8,15,1,5,4,99.7,1049.3,2,39,27,1,1,0.35
MOCK0010,Sydney,-33.95,151.18,6,New South Wales,Australia,Oceania,2016,99.6,20,2,8,3.9,7,1,3,7,138.0,1509.8,4,97,32,1,3,0.32
MOCK0010,Sydney,-33.95,151.18,6,New South Wales,Australia,Oceania,2017,99.4,32,1,12,4.8,15,2,6,8,74.6,1067.3,1,17,17,1,1,0.98
MOCK0010,Sydney,-33.95,151.18,6,New South Wales,Australia,Oceania,2018,96.6,23,2,18,4.7,14,1,5,9,48.3,980.4,1,34,34,1,2,0.54
MOCK0010,Sydney,-33.95,151.18,6,New South Wales,Australia,Oceania,2019,95.2,29,1,10,5.3,12,1,4,7,69.8,796.2,1,26,26,0,0,0.31
MOCK0010,Sydney,-33.95,151.18,6,New South Wales,Australia,Oceania,2020,96.1,29,1,7,3.8,14,1,4,4,84.6,1176.1,4,77,23,0,0,0.7
MOCK0010,Sydney,-33.95,151.18,6,New South Wales,Australia,Oceania,2021,99.9,17,3,9,3.4,11,1,3,4,123.0,1194.7,2,43,24,1,3,0.57
MOCK0010,Sydney,-33.95,151.18,6,New South Wales,Australia,Oceania,2022,100.0,28,4,13,3.9,10,1,4,7,80.8,1151.8,3,61,27,1,2,0.24
MOCK0010,Sydney,-33.95,151.18,6,New South Wales,Australia,Oceania,2023,98.9,27,2,10,2.6,8,0,0,7,83.8,1387.8,1,25,25,0,0,-0.11
MOCK0010,Sydney,-33.95,151.18,6,New South Wales,Australia,Oceania,2024,98.7,32,3,15,3.7,13,2,8,2,60.7,1048.0,3,60,28,1,2,0.69
MOCK0010,Sydney,-33.95,151.18,6,New South Wales,Australia,Oceania,2025,99.5,30,3,14,4.3,8,0,0,6,110.1,1401.7,2,50,25,1,3,0.15
MOCK0010,Sydney,-33.95,151.18,6,New South Wales,Australia,Oceania,2026,74.6,24,3,10,2.1,8,1,8,10,105.0,1391.7,3,70,28,1,3,0.82
MOCK0011,New York Central Park,40.78,-73.97,40,New York,USA,North America,1991,98.7,12,1,4,3.1,24,3,9,4,112.8,1046.6,2,21,11,0,0,0.33
MOCK0011,New York Central Park,40.78,-73.97,40,New York,USA,North America,1992,100.0,10,1,5,3.3,18,4,12,7,70.4,1097.4,1,15,15,1,1,-0.68
MOCK0011,New York Central Park,40.78,-73.97,40,New York,USA,North America,1993,99.5,5,0,0,,22,3,11,5,115.2,1133.3,2,27,14,0,0,0.05
MOCK0011,New York Central Park,40.78,-73.97,40,New York,USA,North America,1994,98.3,12,2,6,1.9,21,2,7,3,106.3,1232.5,3,42,16,0,0,-0.36
MOCK0011,New York Central Park,40.78,-73.97,40,New York,USA,North America,1995,96.3,15,2,6,2.4,28,3,9,4,106.7,980.9,1,17,17,1,1,-0.27
MOCK0011,New York Central Park,40.78,-73.97,40,New York,USA,North America,1996,96.2,11,1,7,3.7,24,3,10,4,106.3,1268.7,1,13,13,0,0,-0.23
MOCK0011,New York Central Park,40.78,-73.97,40,New York,USA,North America,1997,95.6,10,1,4,2.7,20,2,10,5,142.2,1374.5,3,48,20,1,1,-0.94
MOCK0011,New York Central Park,40.78,-73.97,40,New York,USA,North America,1998,99.0,13,1,9,4.0,17,1,5,5,79.3,1142.7,2,22,11,1,2,-0.41
MOCK0011,New York Central Park,40.78,-73.97,40,New York,USA,North America,1999,97.6,10,2,6,2.6,17,1,6,2,110.5,1647.7,3,36,12,0,0,-0.15
MOCK0011,New York Central Park,40.78,-73.97,40,New York,USA,North America,2000,99.4,15,2,8,3.6,23,3,11,9,84.8,1449.6,3,34,13,1,1,-0.57
MOCK0011,New York Central Park,40.78,-73.97,40,New York,USA,North America,2001,96.1,16,1,6,3.2,18,2,8,4,100.6,1012.8,1,15,15,1,1,0.5
MOCK0011,New York Central Park,40.78,-73.97,40,New York,USA,North America,2002,99.7,14,2,6,2.4,27,2,8,5,169.2,1603.2,4,53,18,1,2,0.37
MOCK0011,New York Central Park,40.78,-73.97,40,New York,USA,North America,2003,95.1,15,1,3,3.0,11,0,0,5,147.1,1428.0,1,19,19,0,0,-0.41
MOCK0011,New York Central Park,40.78,-73.97,40,New York,USA,North America,2004,98.8,18,3,10,3.7,17,1,5,3,62.4,1549.9,2,28,17,1,1,-0.41
MOCK0011,New York Central Park,40.78,-73.97,40,New York,USA,North America,2005,99.4,22,2,7,2.1,16,1,5,7,171.6,1475.4,5,73,16,1,2,-0.31
MOCK0011,New York Central Park,40.78,-73.97,40,New York,USA,North America,2006,98.4,22,2,8,3.7,15,1,6,4,48.6,1165.5,1,15,15,0,0,-0.73
MOCK0011,New York Central Park,40.78,-73.97,40,New York,USA,North America,2007,97.9,20,1,8,4.4,17,2,9,6,89.5,1161.1,1,15,15,0,0,-0.23
MOCK0011,New York Central Park,40.78,-73.97,40,New York,USA,North America,2008,96.4,13,2,8,2.4,18,1,4,7,57.8,1107.4,2,24,13,0,0,0.55
MOCK0011,New York Central Park,40.78,-73.97,40,New York,USA,North America,2009,95.6,21,1,8,3.6,18,2,8,5,88.7,1226.5,1,15,15,0,0,0.42
MOCK0011,New York Central Park,40.78,-73.97,40,New York,USA,North America,2010,100.0,29,2,12,4.4,16,1,9,3,52.2,1247.1,4,58,16,1,1,0.65
MOCK0011,New York Central Park,40.78,-73.97,40,New York,USA,North America,2011,98.0,21,3,9,1.8,19,1,6,6,128.8,1205.6,1,18,18,1,1,0.44
MOCK0011,New York Central Park,40.78,-73.97,40,New York,USA,North America,2012,100.0,21,4,13,3.8,18,2,6,5,79.3,1420.2,3,32,11,1,1,0.18
MOCK0011,New York Central Park,40.78,-73.97,40,New York,USA,North America,2013,99.9,35,3,17,4.7,9,1,6,2,144.2,1407.1,3,36,12,1,4,0.27
MOCK0011,New York Central Park,40.78,-73.97,40,New York,USA,North America,2014,95.2,26,4,13,3.1,6,0,0,3,154.7,1611.2,1,16,16,0,0,0.24
MOCK0011,New York Central Park,40.78,-73.97,40,New York,USA,North America,2015,99.0,19,3,10,2.8,13,1,4,5,54.9,1008.5,2,45,23,1,1,0.25
MOCK0011,New York Central Park,40.78,-73.97,40,New York,USA,North America,2016,96.6,19,1,11,5.9,16,1,5,8,139.0,1370.7,4,41,11,1,2,0.6
MOCK0011,New York Central Park,40.78,-73.97,40,New York,USA,North America,2017,95.5,25,2,13,4.0,11,1,3,4,54.1,1038.8,4,52,15,1,2,0.23
MOCK0011,New York Central Park,40.78,-73.97,40,New York,USA,North America,2018,98.5,24,1,9,5.2,10,1,4,4,59.1,1153.1,2,31,19,1,1,0.65
MOCK0011,New York Central Park,40.78,-73.97,40,New York,USA,North America,2019,96.6,22,2,9,3.7,14,1,6,9,120.3,1439.0,3,40,16,0,0,0.83
MOCK0011,New York Central Park,40.78,-73.97,40,New York,USA,North America,2020,97.3,30,1,14,6.7,7,1,4,7,42.9,1071.8,1,17,17,1,1,0.46
MOCK0011,New York Central Park,40.78,-73.97,40,New York,USA,North America,2021,99.4,23,2,6,3.9,11,1,3,4,83.9,1305.6,1,18,18,1,1,0.07
MOCK0011,New York Central Park,40.78,-73.97,40,New York,USA,North America,2022,99.8,29,1,13,6.7,17,1,5,7,142.5,1314.4,1,16,16,1,1,0.11
MOCK0011,New York Central Park,40.78,-73.97,40,New York,USA,North America,2023,98.2,18,3,11,3.5,8,1,4,5,77.3,1230.2,2,26,13,0,0,0.05
MOCK0011,New York Central Park,40.78,-73.97,40,New York,USA,North America,2024,99.7,32,3,17,4.3,8,1,3,5,51.2,1093.4,1,13,13,0,0,-0.1
MOCK0011,New York Central Park,40.78,-73.97,40,New York,USA,North America,2025,98.9,25,2,10,4.3,10,1,4,7,88.7,1234.6,3,45,18,1,2,0.65
MOCK0011,New York Central Park,40.78,-73.97,40,New York,USA,North America,2026,74.6,21,1,11,5.2,2,0,0,7,61.0,919.4,1,20,20,0,0,0.66
MOCK0012,Nairobi,-1.32,36.93,1624,Nairobi,Kenya,Africa,2001,98.0,10,1,4,3.6,24,1,6,4,58.6,818.2,5,190,58,1,2,0.04
MOCK0012,Nairobi,-1.32,36.93,1624,Nairobi,Kenya,Africa,2002,96.3,16,2,6,2.8,24,2,11,3,56.3,830.2,4,119,46,1,3,0.01
MOCK0012,Nairobi,-1.32,36.93,1624,Nairobi,Kenya,Africa,2003,98.2,22,1,7,3.4,17,2,7,3,85.6,889.0,4,129,51,1,1,0.2
MOCK0012,Nairobi,-1.32,36.93,1624,Nairobi,Kenya,Africa,2004,96.7,13,2,7,3.9,9,0,0,3,44.2,813.0,4,123,72,1,3,-0.12
MOCK0012,Nairobi,-1.32,36.93,1624,Nairobi,Kenya,Africa,2005,98.8,10,1,4,4.1,22,1,7,6,75.6,793.9,4,143,50,0,0,0.01
MOCK0012,Nairobi,-1.32,36.93,1624,Nairobi,Kenya,Africa,2006,99.3,8,2,6,3.5,13,1,6,3,55.1,886.2,7,184,49,1,3,0.29
MOCK0012,Nairobi,-1.32,36.93,1624,Nairobi,Kenya,Africa,2007,97.0,7,1,4,3.9,13,1,3,3,60.6,552.2,4,97,46,0,0,0.15
MOCK0012,Nairobi,-1.32,36.93,1624,Nairobi,Kenya,Africa,2008,98.8,26,3,9,3.5,16,2,6,2,47.4,944.8,3,106,56,1,2,0.17
MOCK0012,Nairobi,-1.32,36.93,1624,Nairobi,Kenya,Africa,2009,95.2,20,1,8,3.8,18,2,8,5,34.7,800.0,6,163,42,1,5,0.21
MOCK0012,Nairobi,-1.32,36.93,1624,Nairobi,Kenya,Africa,2010,95.8,25,1,13,5.6,10,2,7,2,58.1,851.9,1,59,59,1,4,-0.01
MOCK0012,Nairobi,-1.32,36.93,1624,Nairobi,Kenya,Africa,2011,97.1,21,2,9,3.5,17,1,6,3,63.2,670.3,2,70,40,1,1,-0.11
MOCK0012,Nairobi,-1.32,36.93,1624,Nairobi,Kenya,Africa,2012,100.0,19,2,10,3.1,20,1,4,2,77.1,931.3,4,131,38,1,2,0.12
MOCK0012,Nairobi,-1.32,36.93,1624,Nairobi,Kenya,Africa,2013,99.0,24,1,9,4.4,22,1,7,6,94.0,818.4,3,74,42,1,1,0.02
MOCK0012,Nairobi,-1.32,36.93,1624,Nairobi,Kenya,Africa,2014,97.6,25,4,12,2.2,17,1,5,12,67.3,627.4,8,245,40,2,7,-0.19
MOCK0012,Nairobi,-1.32,36.93,1624,Nairobi,Kenya,Africa,2015,99.2,25,4,13,3.9,15,1,5,7,71.5,797.2,4,140,52,1,3,-0.32
MOCK0012,Nairobi,-1.32,36.93,1624,Nairobi,Kenya,Africa,2016,96.8,22,2,13,3.9,12,2,8,5,78.0,929.5,5,159,52,1,5,0.23
MOCK0012,Nairobi,-1.32,36.93,1624,Nairobi,Kenya,Africa,2017,99.2,17,2,8,4.0,4,0,0,7,65.4,833.5,1,68,68,1,3,0.84
MOCK0012,Nairobi,-1.32,36.93,1624,Nairobi,Kenya,Africa,2018,99.5,26,4,13,2.3,12,1,5,2,92.4,882.5,1,68,68,1,5,0.47
MOCK0012,Nairobi,-1.32,36.93,1624,Nairobi,Kenya,Africa,2019,95.3,26,2,13,5.0,10,2,6,2,52.8,903.4,3,107,59,1,4,0.03
MOCK0012,Nairobi,-1.32,36.93,1624,Nairobi,Kenya,Africa,2020,95.5,28,1,6,3.5,11,1,5,3,33.5,594.9,1,59,59,1,1,0.15
MOCK0012,Nairobi,-1.32,36.93,1624,Nairobi,Kenya,Africa,2021,98.5,26,3,16,3.7,9,1,3,3,104.3,1063.9,2,88,52,1,5,0.73
MOCK0012,Nairobi,-1.32,36.93,1624,Nairobi,Kenya,Africa,2022,96.1,24,2,9,4.7,14,1,3,2,79.6,848.6,1,64,64,0,0,0.54
MOCK0012,Nairobi,-1.32,36.93,1624,Nairobi,Kenya,Africa,2023,99.0,28,4,13,4.0,8,0,0,4,29.7,732.5,1,49,49,0,0,0.24
MOCK0012,Nairobi,-1.32,36.93,1624,Nairobi,Kenya,Africa,2024,98.1,26,4,15,3.9,9,1,4,5,124.7,1156.9,4,122,49,1,4,0.49
MOCK0012,Nairobi,-1.32,36.93,1624,Nairobi,Kenya,Africa,2025,99.6,27,1,8,5.0,4,0,0,8,98.0,1014.6,5,174,67,1,5,1.08
MOCK0012,Nairobi,-1.32,36.93,1624,Nairobi,Kenya,Africa,2026,74.6,16,1,5,4.0,6,0,0,7,70.0,604.3,3,111,56,1,3,0.7
MOCK0013,Ulaanbaatar,47.92,106.92,1300,Ulaanbaatar,Mongolia,Asia,1991,99.4,7,1,4,2.0,38,2,14,2,9.7,238.9,6,128,41,1,2,0.43
MOCK0013,Ulaanbaatar,47.92,106.92,1300,Ulaanbaatar,Mongolia,Asia,1992,96.0,10,1,3,3.0,29,1,8,2,17.7,223.9,4,178,66,1,2,-0.37
MOCK0013,Ulaanbaatar,47.92,106.92,1300,Ulaanbaatar,Mongolia,Asia,1993,95.1,10,1,4,3.7,23,2,7,2,16.1,193.4,6,171,54,1,3,-1.21
MOCK0013,Ulaanbaatar,47.92,106.92,1300,Ulaanbaatar,Mongolia,Asia,1994,98.9,16,1,8,4.5,21,1,5,4,25.4,312.5,6,166,73,1,3,-0.08
MOCK0013,Ulaanbaatar,47.92,106.92,1300,Ulaanbaatar,Mongolia,Asia,1995,99.1,11,1,9,5.1,24,2,11,0,25.1,315.8,6,208,61,1,4,-0.35
MOCK0013,Ulaanbaatar,47.92,106.92,1300,Ulaanbaatar,Mongolia,Asia,1996,99.5,11,0,0,,24,2,9,1,22.9,375.9,4,124,65,0,0,0.03
MOCK0013,Ulaanbaatar,47.92,106.92,1300,Ulaanbaatar,Mongolia,Asia,1997,71.3,13,2,6,3.8,10,1,3,2,23.6,227.5,2,106,67,1,2,-0.24
MOCK0013,Ulaanbaatar,47.92,106.92,1300,Ulaanbaatar,Mongolia,Asia,1998,99.3,15,1,8,3.5,22,2,11,3,13.2,216.4,4,131,64,1,2,0.4
MOCK0013,Ulaanbaatar,47.92,106.92,1300,Ulaanbaatar,Mongolia,Asia,1999,95.9,22,2,12,3.2,26,2,12,3,14.6,205.8,3,107,55,1,4,-0.78
MOCK0013,Ulaanbaatar,47.92,106.92,1300,Ulaanbaatar,Mongolia,Asia,2000,95.9,11,1,5,3.4,15,1,8,2,21.0,178.2,3,128,65,1,3,-1.15
MOCK0013,Ulaanbaatar,47.92,106.92,1300,Ulaanbaatar,Mongolia,Asia,2001,96.7,13,1,8,4.5,22,1,9,1,24.4,232.8,4,122,57,1,4,0.31
MOCK0013,Ulaanbaatar,47.92,106.92,1300,Ulaanbaatar,Mongolia,Asia,2002,97.5,23,3,12,4.1,17,2,7,2,12.2,265.7,2,82,53,1,4,0.29
MOCK0013,Ulaanbaatar,47.92,106.92,1300,Ulaanbaatar,Mongolia,Asia,2003,74.2,17,1,5,3.2,14,2,6,4,16.5,192.8,2,95,57,1,3,-0.41
MOCK0013,Ulaanbaatar,47.92,106.92,1300,Ulaanbaatar,Mongolia,Asia,2004,99.5,11,1,3,1.7,20,2,8,1,16.9,235.0,3,101,51,1,1,-0.31
MOCK0013,Ulaanbaatar,47.92,106.92,1300,Ulaanbaatar,Mongolia,Asia,2005,95.3,23,2,8,2.1,13,1,5,0,14.5,165.4,1,60,60,1,2,-0.07
MOCK0013,Ulaanbaatar,47.92,106.92,1300,Ulaanbaatar,Mongolia,Asia,2006,96.2,20,2,12,4.4,20,1,5,0,23.2,265.3,2,93,64,1,4,0.22
MOCK0013,Ulaanbaatar,47.92,106.92,1300,Ulaanbaatar,Mongolia,Asia,2007,99.1,16,3,9,2.6,17,1,10,1,32.8,306.0,3,110,49,1,1,-0.71
MOCK0013,Ulaanbaatar,47.92,106.92,1300,Ulaanbaatar,Mongolia,Asia,2008,77.1,18,1,8,3.4,9,0,0,2,12.6,253.4,4,129,51,1,3,-0.5
MOCK0013,Ulaanbaatar,47.92,106.92,1300,Ulaanbaatar,Mongolia,Asia,2009,96.2,22,2,11,3.5,16,1,4,1,22.3,263.2,5,183,76,1,4,-0.01
MOCK0013,Ulaanbaatar,47.92,106.92,1300,Ulaanbaatar,Mongolia,Asia,2010,99.1,18,3,11,3.0,14,2,7,1,32.4,322.9,4,77,27,1,2,-0.07
MOCK0013,Ulaanbaatar,47.92,106.92,1300,Ulaanbaatar,Mongolia,Asia,2011,64.9,9,1,4,3.8,14,1,5,3,15.8,192.0,8,243,71,1,4,-0.09
MOCK0013,Ulaanbaatar,47.92,106.92,1300,Ulaanbaatar,Mongolia,Asia,2012,64.4,15,2,8,3.0,10,1,4,5,19.3,171.7,6,158,53,1,4,0.03
MOCK0013,Ulaanbaatar,47.92,106.92,1300,Ulaanbaatar,Mongolia,Asia,2013,98.7,17,3,9,2.3,9,1,5,3,14.6,270.6,5,135,45,1,3,0.29
MOCK0013,Ulaanbaatar,47.92,106.92,1300,Ulaanbaatar,Mongolia,Asia,2014,86.6,27,2,9,2.4,10,1,6,1,30.4,259.3,3,104,51,1,3,0.13
MOCK0013,Ulaanbaatar,47.92,106.92,1300,Ulaanbaatar,Mongolia,Asia,2015,99.9,21,1,8,3.5,16,1,5,0,12.4,206.8,5,157,70,1,1,0.11
MOCK0013,Ulaanbaatar,47.92,106.92,1300,Ulaanbaatar,Mongolia,Asia,2016,99.4,27,3,11,2.3,14,1,4,4,20.9,319.1,2,61,45,0,0,0.48
MOCK0013,Ulaanbaatar,47.92,106.92,1300,Ulaanbaatar,Mongolia,Asia,2017,96.4,19,1,8,5.0,13,2,7,0,15.4,227.3,3,143,70,1,1,0.47
MOCK0013,Ulaanbaatar,47.92,106.92,1300,Ulaanbaatar,Mongolia,Asia,2018,95.2,23,1,10,5.9,7,1,4,3,29.6,282.9,3,94,48,1,3,0.06
MOCK0013,Ulaanbaatar,47.92,106.92,1300,Ulaanbaatar,Mongolia,Asia,2019,98.4,20,2,13,3.4,13,1,5,3,19.0,345.9,3,141,72,1,4,0.81
MOCK0013,Ulaanbaatar,47.92,106.92,1300,Ulaanbaatar,Mongolia,Asia,2020,95.3,36,2,11,2.7,6,1,4,3,31.9,294.8,4,155,71,1,5,-0.0
MOCK0013,Ulaanbaatar,47.92,106.92,1300,Ulaanbaatar,Mongolia,Asia,2021,86.2,18,2,6,2.0,8,1,3,0,14.0,250.5,3,109,68,1,3,0.53
MOCK0013,Ulaanbaatar,47.92,106.92,1300,Ulaanbaatar,Mongolia,Asia,2022,99.7,31,4,13,2.7,10,1,3,5,27.5,233.1,5,132,54,1,4,0.16
MOCK0013,Ulaanbaatar,47.92,106.92,1300,Ulaanbaatar,Mongolia,Asia,2023,96.2,36,2,14,4.1,16,1,4,1,14.5,223.7,6,202,82,2,8,0.66
MOCK0013,Ulaanbaatar,47.92,106.92,1300,Ulaanbaatar,Mongolia,Asia,2024,97.6,25,2,9,4.2,9,1,3,2,18.4,215.9,6,187,60,1,3,0.4
MOCK0013,Ulaanbaatar,47.92,106.92,1300,Ulaanbaatar,Mongolia,Asia,2025,99.8,41,4,21,2.9,5,0,0,1,24.7,206.3,3,137,86,3,11,0.52
MOCK0013,Ulaanbaatar,47.92,106.92,1300,Ulaanbaatar,Mongolia,Asia,2026,74.6,36,4,15,3.0,5,0,0,2,13.2,221.0,1,71,71,1,3,-0.05
